충전소,충전기ID,충전기,주소,이용시간,좌표_X,좌표_Y
국립호남권생물자원관,91,DC콤보,전라남도 목포시 고하도안길 99(달동 1357),08:00 ~ 19:00,126.3662224,34.76615643
만호동행정복지센터,1,DC콤보,전라남도 목포시 수강로12번길 24,24시간 이용가능,126.3872237,34.78729168
동명동행정복지센터,1,DC콤보,전라남도 목포시 자유로20번길 27,24시간 이용가능,126.3920159,34.7909585
롯데마트 목포점,1,DC차데모+AC3상+DC콤보,전라남도 목포시 원형서로 15 롯데마트목포점,24시간 이용가능,126.4294671,34.79724594
남교공영주차장,1,DC콤보,전라남도 목포시 남교동 57,24시간 이용가능,126.3805445,34.79411884
목포벤처문화산업지원센터주차장,1,DC콤보,전라남도 목포시 석현동 1175,24시간 이용가능,126.4260893,34.81623524
목포시종합관광안내소,1,DC차데모+AC3상+DC콤보,전라남도 목포시 영산로 843(대양동 276),24시간 이용가능,126.4222267,34.83827049
목포해양경찰서,21,DC콤보,전라남도 목포시 청호로 231,09:00 ~ 18:00,126.3681693,34.81028548
국립호남권생물자원관,92,DC콤보,전라남도 목포시 고하도안길 99(달동 1357),08:00 ~ 19:00,126.3662224,34.76615643
이로시장공영주차장,1,DC콤보,전라남도 목포시 용당동 993-2,24시간 이용가능,126.4038831,34.80512414
서해지방해양경찰청,21,DC콤보,전라남도 목포시 남악로162번길25,24시간 이용가능,126.4572729,34.80404287
롯데마트 목포점,2,DC차데모+AC3상+DC콤보,전라남도 목포시 원형서로 15 롯데마트목포점,24시간 이용가능,126.4294671,34.79724594
비파공영주차장,1,DC콤보,전라남도 목포시 상동 32,24시간 이용가능,126.420248,34.80742728
자유시장 공영주차장,1,DC콤보,전라남도 목포시 용당로 58,24시간 이용가능,126.4026158,34.79275968
평화광장 공영1주차장,1,DC콤보,전라남도 목포시 옥암동 1100,24시간 이용가능,126.4381306,34.79849862
목포해양경찰서,22,DC콤보,전라남도 목포시 청호로 231,09:00 ~ 18:00,126.3681693,34.81028548
보리마당 주차장,1,DC콤보,전라남도 목포시 해안로127번길 7,24시간 이용가능,126.3773709,34.78137612
국립해양 문화재연구소,1,DC콤보,전라남도 목포시 남농로 136(용해동 8),24시간 이용가능,126.4216605,34.79180277
서해지방해양경찰청,22,DC콤보,전라남도 목포시 남악로162번길25,24시간 이용가능,126.4572729,34.80404287
고하도 해상케이블카,1,DC콤보,전라남도 목포시 고하도안길 185,24시간 이용가능,126.3600867,34.77382864
유달산공원유료주차장,1,DC콤보,전라남도 목포시 측후동 4,24시간 이용가능,126.3818286,34.78884098
골드클래스7차아파트,1,DC차데모+AC3상+DC콤보,전라남도 목포시 연산동 1925,정보없음,126.3912736,34.81839179
평화광장 공영1주차장,2,DC콤보,전라남도 목포시 옥암동 1100,24시간 이용가능,126.4381306,34.79849862
국민건강보험공단,1,DC콤보,전라남도 목포시 삼향천로 171(목포지사 사옥),24시간 이용가능,126.4270291,34.81461409
근화옥암베아채,1,DC차데모+AC3상+DC콤보,전라남도 목포시 남악1로52번길 83(1246 근화옥암베아채),24시간 이용가능,126.4523326,34.81217182
KD빌리앙뜨,1,DC차데모+AC3상+DC콤보,전라남도 목포시 석현동 옥암로 174,정보없음,126.4236735,34.81433557
녹색에너지연구원,1,DC콤보,전라남도 목포시 삼향천로 177(석현동 1175-4),24시간 이용가능,126.4268383,34.81537075
꿈동산 신안2차아파트,1,DC차데모+AC3상+DC콤보,전라남도 목포시 상동 1019,정보없음,126.4247872,34.79851733
골드클래스7차아파트,2,AC완속,전라남도 목포시 연산동 1925,정보없음,126.3912736,34.81839179
대성사랑으로,1,DC차데모+AC3상+DC콤보,전라남도 목포시 석현동 영산로 610,정보없음,126.4218946,34.81954166
근화옥암베아채,2,AC완속,전라남도 목포시 남악1로52번길 83(1246 근화옥암베아채),24시간 이용가능,126.4523326,34.81217182
동부시장공영주차장,1,DC차데모+AC3상+DC콤보,전라남도 목포시 영산로 257번길 15(동부시장 옆),정보없음,126.3934562,34.80460824
KD빌리앙뜨,2,AC완속,전라남도 목포시 석현동 옥암로 174,정보없음,126.4236735,34.81433557
목포옥암부영애시앙2차 아파트,3,AC완속,전라남도 목포시 옥암동 당가두로13번길 9,정보없음,126.4353889,34.80933673
목포농협 하나로마트,2,DC차데모+AC3상+DC콤보,전라남도 목포시 영산로659,정보없음,126.4221785,34.82405004
꿈동산 신안2차아파트,2,AC완속,전라남도 목포시 상동 1019,정보없음,126.4247872,34.79851733
골드클래스7차아파트,3,AC완속,전라남도 목포시 연산동 1925,정보없음,126.3912736,34.81839179
근화옥암베아채,3,AC완속,전라남도 목포시 남악1로52번길 83(1246 근화옥암베아채),24시간 이용가능,126.4523326,34.81217182
목포국제축구센터,1,DC콤보,전라남도 목포시 내화마을길 89(950-4 목포국제축구센터),24시간 이용가능,126.39477,34.83049301
목포유통센터,1,DC차데모+AC3상+DC콤보,전라남도 목포시 선곡로 33,정보없음,126.4282268,34.8185426
부주동 행정복지센터,1,DC차데모+AC3상+DC콤보,전라남도 목포시 남악1로 51번가길 2(옥암동),정보없음,126.4453749,34.80876363
목포옥암부영애시앙2차 아파트,4,AC완속,전라남도 목포시 옥암동 당가두로13번길 9,정보없음,126.4353889,34.80933673
목포지사,3,AC완속,전라남도 목포시 삼학로 370,주중/주말 : 06시~23시,126.4094815,34.80328582
꿈동산 신안2차아파트,3,AC완속,전라남도 목포시 상동 1019,정보없음,126.4247872,34.79851733
목포생활환경관리센터,1,DC콤보,전라남도 목포시 대양동 산94-5,24시간 이용가능,126.4089499,34.83497028
근화옥암베아채,4,AC완속,전라남도 목포시 남악1로52번길 83(1246 근화옥암베아채),24시간 이용가능,126.4523326,34.81217182
목포국제축구센터,2,DC콤보,전라남도 목포시 내화마을길 89(950-4 목포국제축구센터),24시간 이용가능,126.39477,34.83049301
목포유통센터,2,DC차데모+AC3상+DC콤보,전라남도 목포시 선곡로 33,정보없음,126.4282268,34.8185426
북항광장 공영주차장,1,DC차데모+AC3상+DC콤보,전라남도 목포시 죽교동 620-20,정보없음,126.3685753,34.80256656
북항 해상케이블카,1,DC콤보,전라남도 목포시 해양대학로 240북항 해상케이블카,24시간 이용가능,126.3700251,34.79940464
에메랄드퀸 주상복합아파트,2,AC완속,전라남도 목포시 상동 1139-7,정보없음,126.4337046,34.79795624
신안실크밸리7차,2,AC완속,전라남도 목포시 죽교동 704,정보없음,126.3665771,34.80526128
목포시청 민원주차장,1,DC차데모+AC3상+DC콤보,전라남도 목포시 양을로 203목포시청 뒷편,06~23시,126.3928559,34.81197609
꿈동산 신안2차아파트,4,AC완속,전라남도 목포시 상동 1019,정보없음,126.4247872,34.79851733
목포농협 하나로마트,1,DC차데모+AC3상+DC콤보,전라남도 목포시 영산로659,정보없음,126.4221785,34.82405004
목포지사,4,AC완속,전라남도 목포시 삼학로 370,주중/주말 : 06시~23시,126.4094815,34.80328582
상동 우성 아파트,1,DC차데모+AC3상+DC콤보,전라남도 목포시 상동 신흥로 13,정보없음,126.4214449,34.80332391
에메랄드퀸 주상복합아파트,4,AC완속,전라남도 목포시 상동 1139-7,정보없음,126.4337046,34.79795624
우방아이유쉘아파트,2,AC완속,전라남도 목포시 옥암동 1397,정보없음,126.4257137,34.8127766
옥암한국아델리움,2,AC완속,전라남도 목포시 옥암동 남악1로 15,24시간,126.4451453,34.80547307
목포옥암부영애시앙2차 아파트,2,AC완속,전라남도 목포시 옥암동 당가두로13번길 9,정보없음,126.4353889,34.80933673
목포지사,1,DC차데모+AC3상+DC콤보,전라남도 목포시 삼학로 370,주중/주말 : 06시~23시,126.4094815,34.80328582
에메랄드퀸 주상복합아파트,3,AC완속,전라남도 목포시 상동 1139-7,정보없음,126.4337046,34.79795624
신안실크밸리7차,3,AC완속,전라남도 목포시 죽교동 704,정보없음,126.3665771,34.80526128
원형1공영주차장,1,DC차데모+AC3상+DC콤보,전라남도 목포시 상동 1133(롯데마트옆),24시간 이용가능,126.4302707,34.79806397
제일6단지풍경채아파트,1,AC완속,전라남도 목포시 옥암동 915-26,정보없음,126.4240508,34.81276112
이마트 목포점,2,DC차데모+AC3상+DC콤보,전라남도 목포시 옥암로 138,정보없음,126.4252102,34.81162778
목포지사,5,AC완속,전라남도 목포시 삼학로 370,주중/주말 : 06시~23시,126.4094815,34.80328582
상동현대아파트,1,DC차데모+AC3상+DC콤보,전라남도 목포시 상동 764,정보없음,126.4140422,34.81172182
에메랄드퀸 주상복합아파트,5,AC완속,전라남도 목포시 상동 1139-7,정보없음,126.4337046,34.79795624
우진아트빌아파트,1,AC완속,전라남도 목포시 석현동 816-17,정보없음,126.4204019,34.81897927
옥암한국아델리움,3,AC완속,전라남도 목포시 옥암동 남악1로 15,24시간,126.4451453,34.80547307
홈플러스 목포점,1,DC차데모+AC3상+DC콤보,전라남도 목포시 영산로 313 (영산로 313),정보없음,126.399637,34.80594021
천년나무아파트,1,DC차데모+AC3상+DC콤보,전라남도 목포시 대성동 양을로 42,정보없음,126.3816439,34.79980323
코아루천년가 아파트,2,AC완속,전라남도 목포시 옥암동 남악1로16번길 43-14,24시간,126.4523789,34.8076483
목포지사,2,DC차데모+AC3상+DC콤보,전라남도 목포시 삼학로 370,주중/주말 : 06시~23시,126.4094815,34.80328582
신흥동 주민센터,1,DC차데모+AC3상+DC콤보,전라남도 목포시 하당로 66(상동),정보없음,126.4188246,34.79884257
연산주공5단지아파트,1,DC차데모+AC3상+DC콤보,전라남도 목포시 연산동 1261,정보없음,126.381883,34.81377946
원형2공영주차장,1,DC차데모+AC3상+DC콤보,전라남도 목포시 원형로 42,24시간 이용가능,126.4323946,34.79923109
제일6단지풍경채아파트,2,AC완속,전라남도 목포시 옥암동 915-26,정보없음,126.4240508,34.81276112
스위트모텔,2,AC완속,전라남도 목포시 해양대학로251번길 4-2주차장,24시간 이용가능,126.3696878,34.80132486
그리스호텔,2,AC완속,전라남도 목포시 비파로116번길 14주차장,24시간 이용가능,126.4245873,34.80866555
자동차등록사무소,1,DC차데모+AC3상+DC콤보,전라남도 목포시 연산로 191(연산동)자동차 등록사무소 입구,06~23시,126.3771375,34.81299255
목포지사,6,AC완속,전라남도 목포시 삼학로 370,주중/주말 : 06시~23시,126.4094815,34.80328582
미르치과병원,1,AC완속,전라남도 목포시 백년대로 319(상동),24시간 이용가능,126.4221952,34.80514121
신안실크밸리7차,1,AC완속,전라남도 목포시 죽교동 704,정보없음,126.3665771,34.80526128
근화블루빌아파트,3,AC완속,"전라남도 목포시 텃골로13번길 32 (석현동, 근화블루빌아파트) 상가동(816-12 (근화블루빌아파트))",정보없음,126.4197668,34.82007824
유달동 주민센터,1,DC콤보,전라남도 목포시 유동로 19,24시간 이용가능,126.3802305,34.78346559
초원골드맨션,1,AC완속,전라남도 목포시 대의동2가 1-10,정보없음,126.3815344,34.78701287
그리스호텔,1,AC완속,전라남도 목포시 비파로116번길 14주차장,24시간 이용가능,126.4245873,34.80866555
옥암한국아델리움,4,AC완속,전라남도 목포시 옥암동 남악1로 15,24시간,126.4451453,34.80547307
골드디움5차아파트,2,AC완속,전라남도 목포시 용해지구로88번길 23지하주차장 D24기둥,09:00~18:00,126.394401,34.82066191
근화네오빌아파트,1,AC완속,전라남도 목포시 텃골로 13번길 36(석현동)근화네오빌아파트 지하2주차장 지상통로 옆,09:00~18:00,126.4196483,34.81980757
목포시 골드디움3차,1,AC완속,전라남도 목포시 남악1로52번길 82306동 1-2라인 입구(1272 골드디움3차아파트 306동 1-2라인 입구),24시간 이용가능,126.4523326,34.81217182
코아루천년가 아파트,3,AC완속,전라남도 목포시 옥암동 남악1로16번길 43-14,24시간,126.4523789,34.8076483
에메랄드퀸 주상복합아파트,1,AC완속,전라남도 목포시 상동 1139-7,정보없음,126.4337046,34.79795624
초원샤르망아파트,1,AC완속,전라남도 목포시 옥암동 965,정보없음,126.4273817,34.80905217
루벤스모텔,1,AC완속,전라남도 목포시 평화로61번길 4실외주차장,24시간 이용가능,126.431662,34.79653754
옥암한국아델리움,1,DC차데모+AC3상+DC콤보,전라남도 목포시 옥암동 남악1로 15,24시간,126.4451453,34.80547307
골드디움5차아파트,1,AC완속,전라남도 목포시 용해지구로88번길 23지하주차장 D24기둥,09:00~18:00,126.394401,34.82066191
제일2차하이빌 아파트,1,DC차데모+AC3상+DC콤보,전라남도 목포시 옥암동 신흥로 113,정보없음,126.4309378,34.80690996
목포 한성타워맨션,1,AC완속,"전라남도 목포시 원산로59번길 14 (산정동, 한성타워맨션)(1769 (한성타워맨션))",정보없음,126.3746124,34.80599448
목포상동호반리젠시빌,4,AC완속,"전라남도 목포시 영산로535번길 6 (상동, 호반리젠시빌아파트) 101동~107동",정보없음,126.4183639,34.81389444
목포시 금호어울림아파트,5,AC완속,"전라남도 목포시 텃골로33번길 53 (석현동, 석현동금호어울림)지하 2층 101동 A04",24시간 이용가능,126.4187313,34.81740357
세븐무인텔,1,AC완속,전라남도 목포시 비파로116번길 16-1주차장,24시간 이용가능,126.4250079,34.80872246
우방아이유쉘아파트,1,AC완속,전라남도 목포시 옥암동 1397,정보없음,126.4257137,34.8127766
몰디브호텔,1,AC완속,전라남도 목포시 옥암로46번길 37실외주차장,24시간 이용가능,126.4327162,34.80549003
광명샤인빌,1,AC완속,전라남도 목포시 석현로 38P2주차장물탱크옆,09:00~18:00,126.425054,34.81663994
근화블루빌아파트,4,AC완속,"전라남도 목포시 텃골로13번길 32 (석현동, 근화블루빌아파트) 상가동(816-12 (근화블루빌아파트))",정보없음,126.4197668,34.82007824
이마트 목포점,1,DC차데모+AC3상+DC콤보,전라남도 목포시 옥암로 138,정보없음,126.4252102,34.81162778
목포시 금호어울림아파트,1,AC완속,"전라남도 목포시 텃골로33번길 53 (석현동, 석현동금호어울림)지하 2층 101동 A04",24시간 이용가능,126.4187313,34.81740357
목포시 골드디움6차,1,AC완속,전라남도 목포시 용해지구로88번길 8602동 A15(1051 골드디움6차아파트 602동 A15),24시간 이용가능,126.3939778,34.81858683
하당 금호2차아파트,1,DC차데모+AC3상+DC콤보,전라남도 목포시 옥암동 백년대로375번길 20,정보없음,126.4272159,34.80880056
목포시 스카이모텔,1,AC완속,전라남도 목포시 신흥로59번길 15주차장(상동 870),24시간 이용가능,126.4259613,34.80514565
근화네오빌아파트,2,AC완속,전라남도 목포시 텃골로 13번길 36(석현동)근화네오빌아파트 지하2주차장 지상통로 옆,09:00~18:00,126.4196483,34.81980757
제일2차하이빌 아파트,2,AC완속,전라남도 목포시 옥암동 신흥로 113,정보없음,126.4309378,34.80690996
광명샤인빌,2,AC완속,전라남도 목포시 석현로 38P2주차장물탱크옆,09:00~18:00,126.425054,34.81663994
목포상동호반리젠시빌,1,AC완속,"전라남도 목포시 영산로535번길 6 (상동, 호반리젠시빌아파트) 101동~107동",정보없음,126.4183639,34.81389444
목포시 골드디움3차,2,AC완속,전라남도 목포시 남악1로52번길 82306동 1-2라인 입구(1272 골드디움3차아파트 306동 1-2라인 입구),24시간 이용가능,126.4523326,34.81217182
코아루천년가 아파트,1,DC차데모+AC3상+DC콤보,전라남도 목포시 옥암동 남악1로16번길 43-14,24시간,126.4523789,34.8076483
목포시 맨하탄모텔,1,AC완속,전라남도 목포시 비파로124번길 5주차장(853-5 맨하탄모텔),24시간 이용가능,126.423215,34.80927559
목포시 부영애시앙2차,1,AC완속,전라남도 목포시 당가두로13번길 9P2 입구(1144 부영애시앙 P2 입구),24시간 이용가능,126.4353889,34.80933673
세븐무인텔,2,AC완속,전라남도 목포시 비파로116번길 16-1주차장,24시간 이용가능,126.4250079,34.80872246
목포시 썸무인호텔,1,AC완속,전라남도 목포시 허사로 13주차장(달동 1337-118),24시간 이용가능,126.3620021,34.75350473
한국농어촌공사 영산강사업단,1,DC콤보,전라남도 목포시 영산로 463(상동 509),09:00~18:00,126.4150152,34.80862295
목포상동호반리젠시빌,5,AC완속,"전라남도 목포시 영산로535번길 6 (상동, 호반리젠시빌아파트) 101동~107동",정보없음,126.4183639,34.81389444
목포시 골드디움6차,2,AC완속,전라남도 목포시 용해지구로88번길 8602동 A15(1051 골드디움6차아파트 602동 A15),24시간 이용가능,126.3939778,34.81858683
목포시 달성길36,1,AC완속,전라남도 목포시 달성길 36주차장(죽교동 289-34),24시간 이용가능,126.3775156,34.79170931
근화블루빌아파트,1,AC완속,"전라남도 목포시 텃골로13번길 32 (석현동, 근화블루빌아파트) 상가동(816-12 (근화블루빌아파트))",정보없음,126.4197668,34.82007824
목포시 신안비치팔레스아파트,1,AC완속,"전라남도 목포시 청호로 210지하1층 103동, 106동, 109동, 113동",24시간 이용가능,126.3712129,34.80879798
목포시 우미파렌하이트아파트,5,AC완속,전라남도 목포시 남악2로22번길 15주차장입구 C09(1315 우미파렌하이트 주차장입구 C09),24시간 이용가능,126.454691,34.80831832
몰디브호텔,2,AC완속,전라남도 목포시 옥암로46번길 37실외주차장,24시간 이용가능,126.4327162,34.80549003
스위트모텔,1,AC완속,전라남도 목포시 해양대학로251번길 4-2주차장,24시간 이용가능,126.3696878,34.80132486
목포상동호반리젠시빌,2,AC완속,"전라남도 목포시 영산로535번길 6 (상동, 호반리젠시빌아파트) 101동~107동",정보없음,126.4183639,34.81389444
목포시 미루모텔,1,AC완속,전라남도 목포시 평화로83번길 3-1주차장(상동 1144-3),24시간 이용가능,126.4331083,34.79732029
목포시 신안비치팔레스아파트,5,AC완속,"전라남도 목포시 청호로 210지하1층 103동, 106동, 109동, 113동",24시간 이용가능,126.3712129,34.80879798
목포시 금호어울림아파트,2,AC완속,"전라남도 목포시 텃골로33번길 53 (석현동, 석현동금호어울림)지하 2층 101동 A04",24시간 이용가능,126.4187313,34.81740357
목포시 스카이모텔,2,AC완속,전라남도 목포시 신흥로59번길 15주차장(상동 870),24시간 이용가능,126.4259613,34.80514565
목포시 엠유모텔,2,AC완속,전라남도 목포시 옥암로54번길 41주차장(옥암동 1012-5),24시간 이용가능,126.4326831,34.80623997
목포시 포미타운주공1단지,5,AC완속,전라남도 목포시 포미로 23108동주차장(973 포미타운주공1단지 108동주차장),24시간 이용가능,126.3964679,34.81978257
근화블루빌아파트,2,AC완속,"전라남도 목포시 텃골로13번길 32 (석현동, 근화블루빌아파트) 상가동(816-12 (근화블루빌아파트))",정보없음,126.4197668,34.82007824
목포상동호반리젠시빌,6,AC완속,"전라남도 목포시 영산로535번길 6 (상동, 호반리젠시빌아파트) 101동~107동",정보없음,126.4183639,34.81389444
목포시 궁무인호텔,1,AC완속,전라남도 목포시 신항로276번길 42주차장(달동 1330-47),24시간 이용가능,126.3571827,34.7561891
광명샤인빌,3,AC완속,전라남도 목포시 석현로 38P2주차장물탱크옆,09:00~18:00,126.425054,34.81663994
목포시 신안비치팔레스아파트,2,AC완속,"전라남도 목포시 청호로 210지하1층 103동, 106동, 109동, 113동",24시간 이용가능,126.3712129,34.80879798
목포시 우미파렌하이트아파트,1,AC완속,전라남도 목포시 남악2로22번길 15주차장입구 C09(1315 우미파렌하이트 주차장입구 C09),24시간 이용가능,126.454691,34.80831832
목포시 부영애시앙2차,2,AC완속,전라남도 목포시 당가두로13번길 9P2 입구(1144 부영애시앙 P2 입구),24시간 이용가능,126.4353889,34.80933673
목포상동호반리젠시빌,7,AC완속,"전라남도 목포시 영산로535번길 6 (상동, 호반리젠시빌아파트) 101동~107동",정보없음,126.4183639,34.81389444
목포시 엠유모텔,1,AC완속,전라남도 목포시 옥암로54번길 41주차장(옥암동 1012-5),24시간 이용가능,126.4326831,34.80623997
목포시 하당제일풍경채3차,8,AC완속,전라남도 목포시 하당로289번길 6302동 주차장(916-3 제일3차풍경채아파트 302동 주차장),24시간 이용가능,126.4254567,34.81372915
목포시 부림장,1,AC완속,전라남도 목포시 삼학로18번길 15주차장,24시간(업소고객전용),126.3890124,34.78969577
목포시 금호어울림아파트,3,AC완속,"전라남도 목포시 텃골로33번길 53 (석현동, 석현동금호어울림)지하 2층 101동 A04",24시간 이용가능,126.4187313,34.81740357
목포시 옥암코아루,1,AC완속,전라남도 목포시 당가두로13번길 1246번 주변(1149 코아루아파트 46번 주변),24시간 이용가능,126.4388187,34.80977697
목포시 포미타운주공1단지,1,AC완속,전라남도 목포시 포미로 23108동주차장(973 포미타운주공1단지 108동주차장),24시간 이용가능,126.3964679,34.81978257
목포시 우미파렌하이트아파트,7,AC완속,전라남도 목포시 남악2로22번길 15주차장입구 C09(1315 우미파렌하이트 주차장입구 C09),24시간 이용가능,126.454691,34.80831832
목포시 신안비치팔레스아파트,6,AC완속,"전라남도 목포시 청호로 210지하1층 103동, 106동, 109동, 113동",24시간 이용가능,126.3712129,34.80879798
목포상동호반리젠시빌,3,AC완속,"전라남도 목포시 영산로535번길 6 (상동, 호반리젠시빌아파트) 101동~107동",정보없음,126.4183639,34.81389444
옥암푸르지오,1,AC완속,"전라남도 목포시 남악1로 511주차장B1C5기둥,2주차장B1O5기둥",09:00~18:00,126.4452746,34.81042193
목포시 금호어울림아파트,4,AC완속,"전라남도 목포시 텃골로33번길 53 (석현동, 석현동금호어울림)지하 2층 101동 A04",24시간 이용가능,126.4187313,34.81740357
목포시 부영애시앙2차,3,AC완속,전라남도 목포시 당가두로13번길 9P2 입구(1144 부영애시앙 P2 입구),24시간 이용가능,126.4353889,34.80933673
목포시 우미파렌하이트아파트,6,AC완속,전라남도 목포시 남악2로22번길 15주차장입구 C09(1315 우미파렌하이트 주차장입구 C09),24시간 이용가능,126.454691,34.80831832
목포시 하당제일풍경채3차,4,AC완속,전라남도 목포시 하당로289번길 6302동 주차장(916-3 제일3차풍경채아파트 302동 주차장),24시간 이용가능,126.4254567,34.81372915
목포시 포미타운주공1단지,7,AC완속,전라남도 목포시 포미로 23108동주차장(973 포미타운주공1단지 108동주차장),24시간 이용가능,126.3964679,34.81978257
목포시 신안비치팔레스아파트,3,AC완속,"전라남도 목포시 청호로 210지하1층 103동, 106동, 109동, 113동",24시간 이용가능,126.3712129,34.80879798
목포시 궁무인호텔,2,AC완속,전라남도 목포시 신항로276번길 42주차장(달동 1330-47),24시간 이용가능,126.3571827,34.7561891
케이티하당빌딩,3,AC완속,"전라남도 목포시 통일대로119번길 81 (옥암동, 전화국)주차장",비개방,126.4322987,34.80836465
목포시 부영애시앙2차,4,AC완속,전라남도 목포시 당가두로13번길 9P2 입구(1144 부영애시앙 P2 입구),24시간 이용가능,126.4353889,34.80933673
목포시 우미파렌하이트아파트,8,AC완속,전라남도 목포시 남악2로22번길 15주차장입구 C09(1315 우미파렌하이트 주차장입구 C09),24시간 이용가능,126.454691,34.80831832
부영애시앙일차아파트,1,AC완속,"전라남도 목포시 당가두로13번길 35 (옥암동, 부영애시앙)",정보없음,126.4388187,34.80977697
목포시 포미타운주공1단지,6,AC완속,전라남도 목포시 포미로 23108동주차장(973 포미타운주공1단지 108동주차장),24시간 이용가능,126.3964679,34.81978257
목포시 신안비치팔레스아파트,7,AC완속,"전라남도 목포시 청호로 210지하1층 103동, 106동, 109동, 113동",24시간 이용가능,126.3712129,34.80879798
목포시 호반리젠시빌스위트,2,AC완속,"전라남도 목포시 용당로331번길 881P B2,2P B2,3P B2,4P B1(1025 호반리젠시빌스위트)",24시간 이용가능,126.394541,34.81711134
광주전남)목포 지점,1,AC완속,전라남도 목포시 영산로 489,평일 08:30~17:30,126.4167226,34.80964899
목포시 옥암코아루,2,AC완속,전라남도 목포시 당가두로13번길 1246번 주변(1149 코아루아파트 46번 주변),24시간 이용가능,126.4388187,34.80977697
목포시 부림장,2,AC완속,전라남도 목포시 삼학로18번길 15주차장,24시간(업소고객전용),126.3890124,34.78969577
목포시 우미파렌하이트아파트,2,AC완속,전라남도 목포시 남악2로22번길 15주차장입구 C09(1315 우미파렌하이트 주차장입구 C09),24시간 이용가능,126.454691,34.80831832
목포시 하당제일풍경채3차,1,AC완속,전라남도 목포시 하당로289번길 6302동 주차장(916-3 제일3차풍경채아파트 302동 주차장),24시간 이용가능,126.4254567,34.81372915
케이티용당빌딩,11,AC완속,전라남도 목포시 용당로 257 (용당동)주차장,비개방,126.39919,34.80970985
옥암푸르지오,3,AC완속,"전라남도 목포시 남악1로 511주차장B1C5기둥,2주차장B1O5기둥",09:00~18:00,126.4452746,34.81042193
목포시 신안비치팔레스아파트,8,AC완속,"전라남도 목포시 청호로 210지하1층 103동, 106동, 109동, 113동",24시간 이용가능,126.3712129,34.80879798
목포시 호반리젠시빌스위트,1,AC완속,"전라남도 목포시 용당로331번길 881P B2,2P B2,3P B2,4P B1(1025 호반리젠시빌스위트)",24시간 이용가능,126.394541,34.81711134
목포석현동센트럴카운티 2차(입주민 전용),4,AC완속,전라남도 목포시 청호로136번길 22(1837 라송센트럴카운티2차아파트),24시간 이용가능,126.3777951,34.80511405
목포시 우미파렌하이트아파트,3,AC완속,전라남도 목포시 남악2로22번길 15주차장입구 C09(1315 우미파렌하이트 주차장입구 C09),24시간 이용가능,126.454691,34.80831832
목포시 텐호텔,1,AC완속,전라남도 목포시 삼향천로 61주차장(옥암동 1017-1),24시간 이용가능,126.4331835,34.80646799
목포시 포미타운주공1단지,2,AC완속,전라남도 목포시 포미로 23108동주차장(973 포미타운주공1단지 108동주차장),24시간 이용가능,126.3964679,34.81978257
목포시 신안비치팔레스아파트,4,AC완속,"전라남도 목포시 청호로 210지하1층 103동, 106동, 109동, 113동",24시간 이용가능,126.3712129,34.80879798
케이티하당빌딩,31,AC완속,"전라남도 목포시 통일대로119번길 81 (옥암동, 전화국)주차장",비개방,126.4322987,34.80836465
목포시 호반리젠시빌스위트,3,AC완속,"전라남도 목포시 용당로331번길 881P B2,2P B2,3P B2,4P B1(1025 호반리젠시빌스위트)",24시간 이용가능,126.394541,34.81711134
목포석현동센트럴카운티 5차(입주민 전용),4,AC완속,전라남도 목포시 영산로 648-24(라송센트럴카운티5차 아파트),24시간 이용가능,126.4265433,34.82025184
옥암푸르지오,2,AC완속,"전라남도 목포시 남악1로 511주차장B1C5기둥,2주차장B1O5기둥",09:00~18:00,126.4452746,34.81042193
목포시 우미파렌하이트아파트,4,AC완속,전라남도 목포시 남악2로22번길 15주차장입구 C09(1315 우미파렌하이트 주차장입구 C09),24시간 이용가능,126.454691,34.80831832
목포시 포미타운주공1단지,3,AC완속,전라남도 목포시 포미로 23108동주차장(973 포미타운주공1단지 108동주차장),24시간 이용가능,126.3964679,34.81978257
목포시 하당제일풍경채3차,2,AC완속,전라남도 목포시 하당로289번길 6302동 주차장(916-3 제일3차풍경채아파트 302동 주차장),24시간 이용가능,126.4254567,34.81372915
케이티하당빌딩,11,AC완속,"전라남도 목포시 통일대로119번길 81 (옥암동, 전화국)주차장",비개방,126.4322987,34.80836465
목포시 옥암코아루,3,AC완속,전라남도 목포시 당가두로13번길 1246번 주변(1149 코아루아파트 46번 주변),24시간 이용가능,126.4388187,34.80977697
롯데렌터카 목포사업장(입주사 전용),2,DC콤보,전라남도 목포시 백년대로 272(상동 902-1),24시간 이용가능,126.4181099,34.80241063
현대 목포지점(현대차 전용),2,DC콤보,전라남도 목포시 남악로 123(옥암동 1363-5),24시간 이용가능,126.4520287,34.80563986
옥암푸르지오,4,AC완속,"전라남도 목포시 남악1로 511주차장B1C5기둥,2주차장B1O5기둥",09:00~18:00,126.4452746,34.81042193
목포시 포미타운주공1단지,4,AC완속,전라남도 목포시 포미로 23108동주차장(973 포미타운주공1단지 108동주차장),24시간 이용가능,126.3964679,34.81978257
목포시 하당제일풍경채3차,5,AC완속,전라남도 목포시 하당로289번길 6302동 주차장(916-3 제일3차풍경채아파트 302동 주차장),24시간 이용가능,126.4254567,34.81372915
기아오토큐 목포서비스,1,DC차데모+DC콤보,전라남도 목포시 남악로58번길 10(옥암동 1381-2),24시간 이용가능,126.4452878,34.803688
케이티하당빌딩,4,AC완속,"전라남도 목포시 통일대로119번길 81 (옥암동, 전화국)주차장",비개방,126.4322987,34.80836465
목포시 호반리젠시빌스위트,4,AC완속,"전라남도 목포시 용당로331번길 881P B2,2P B2,3P B2,4P B1(1025 호반리젠시빌스위트)",24시간 이용가능,126.394541,34.81711134
목포석현동센트럴카운티 3차(입주민 전용),5,AC완속,전라남도 목포시 석현로45번길 22-10(1179 목포석현동라송센트럴카운티3차아파트),24시간 이용가능,126.4266789,34.81800506
목포시 텐호텔,2,AC완속,전라남도 목포시 삼향천로 61주차장(옥암동 1017-1),24시간 이용가능,126.4331835,34.80646799
로얄호텔,1,AC완속,전라남도 목포시 통일대로 12(상동)(상동 1115-3),24시간 이용가능,126.4266586,34.79734744
부영애시앙일차아파트,2,AC완속,"전라남도 목포시 당가두로13번길 35 (옥암동, 부영애시앙)",정보없음,126.4388187,34.80977697
케이티하당빌딩,12,AC완속,"전라남도 목포시 통일대로119번길 81 (옥암동, 전화국)주차장",비개방,126.4322987,34.80836465
목포시 하당제일풍경채3차,6,AC완속,전라남도 목포시 하당로289번길 6302동 주차장(916-3 제일3차풍경채아파트 302동 주차장),24시간 이용가능,126.4254567,34.81372915
국민서관(입주사 전용),1,AC완속,전라남도 목포시 번영로 167(상동 779-4),24시간 이용가능,126.4195889,34.81125698
옥암푸르지오,5,AC완속,"전라남도 목포시 남악1로 511주차장B1C5기둥,2주차장B1O5기둥",09:00~18:00,126.4452746,34.81042193
목포석현동센트럴카운티 3차(입주민 전용),1,AC완속,전라남도 목포시 석현로45번길 22-10(1179 목포석현동라송센트럴카운티3차아파트),24시간 이용가능,126.4266789,34.81800506
스카이모텔,2,AC완속,전라남도 목포시 신흥로59번길 15,24시간 이용가능,126.4259613,34.80514565
서희스타힐스,1,AC완속,전라남도 목포시 영산로 719-29(목포석현 서희스타힐스),00:00~24:00,126.4183932,34.82616703
케이티용당빌딩,12,AC완속,전라남도 목포시 용당로 257 (용당동)주차장,비개방,126.39919,34.80970985
기아자동차 하당대리점,1,DC콤보,전라남도 목포시 옥암로 53(상동 1001-3),24시간 이용가능,126.428504,34.80430693
목포시 하당제일풍경채3차,7,AC완속,전라남도 목포시 하당로289번길 6302동 주차장(916-3 제일3차풍경채아파트 302동 주차장),24시간 이용가능,126.4254567,34.81372915
부영애시앙일차아파트,3,AC완속,"전라남도 목포시 당가두로13번길 35 (옥암동, 부영애시앙)",정보없음,126.4388187,34.80977697
목포석현동센트럴카운티 2차(입주민 전용),5,AC완속,전라남도 목포시 청호로136번길 22(1837 라송센트럴카운티2차아파트),24시간 이용가능,126.3777951,34.80511405
목포시종합사회복지관,1,AC완속,전라남도 목포시 고하대로 712(산정동 1749),24시간 이용가능,126.3754614,34.80988691
케이티하당빌딩,21,AC완속,"전라남도 목포시 통일대로119번길 81 (옥암동, 전화국)주차장",비개방,126.4322987,34.80836465
M모텔,1,AC완속,전라남도 목포시 호남로64번길 13(대안동)(대안동 4-2),24시간 이용가능,126.3853707,34.79305653
하당현대2차,2,AC완속,전라남도 목포시 삼향천로91번길 21(992 하당2차현대아파트),00:00~24:00,126.429914,34.80694965
목포석현동센트럴카운티 3차(입주민 전용),2,AC완속,전라남도 목포시 석현로45번길 22-10(1179 목포석현동라송센트럴카운티3차아파트),24시간 이용가능,126.4266789,34.81800506
신안비치팔레스2차아파트,1,AC완속,"전라남도 목포시 청호로220번길 5 (산정동, 신안비치팔레스아파트)",24시간 이용가능,126.3707314,34.81008656
목포석현동센트럴카운티 5차(입주민 전용),5,AC완속,전라남도 목포시 영산로 648-24(라송센트럴카운티5차 아파트),24시간 이용가능,126.4265433,34.82025184
목포시 하당제일풍경채3차,3,AC완속,전라남도 목포시 하당로289번길 6302동 주차장(916-3 제일3차풍경채아파트 302동 주차장),24시간 이용가능,126.4254567,34.81372915
현대자동차블루핸즈 삽진공업사,1,DC콤보,전라남도 목포시 대양로13번길 12현대자동차블루핸즈 삽진공업사(연산동 618-37),24시간 이용가능,126.3832665,34.82356291
케이티하당빌딩,32,AC완속,"전라남도 목포시 통일대로119번길 81 (옥암동, 전화국)주차장",비개방,126.4322987,34.80836465
라이프1차아파트(입주민 전용),1,AC완속,전라남도 목포시 용당로 323,24시간 이용가능,126.3996528,34.81528031
전남목포 근화희망타운1차아파트,2,AC완속,전라남도 목포시 산양로 40103동앞(75-1 근화희망타운아파트 103동앞),24시간 이용가능,126.4295459,34.83722151
빅토리아모텔,1,AC완속,전라남도 목포시 하당남부로61번길 22(상동)(상동 1009-4),24시간 이용가능,126.4296703,34.80208634
보보스모텔,1,AC완속,전라남도 목포시 하당남부로51번길 3,24시간 이용가능,126.4293873,34.80042018
현대블루핸즈 동양자동차정비㈜,1,DC콤보,전라남도 목포시 녹색로 126(옥암동 914-9),24시간 이용가능,126.4282153,34.81512229
목포시 호텔야자목포평화광장점,1,AC완속,전라남도 목포시 하당남부로61번길 3주차장(상동 1032-1),24시간 이용가능,126.4302608,34.80054329
목포가족관광호텔,1,AC완속,전라남도 목포시 호남로64번길 28(대안동)목포가족관광호텔(대안동 12-1),24시간 이용가능,126.3846468,34.79202104
케이티하당빌딩,1,AC완속,"전라남도 목포시 통일대로119번길 81 (옥암동, 전화국)주차장",비개방,126.4322987,34.80836465
목포석현동센트럴카운티 2차(입주민 전용),1,AC완속,전라남도 목포시 청호로136번길 22(1837 라송센트럴카운티2차아파트),24시간 이용가능,126.3777951,34.80511405
목포석현동센트럴카운티 3차(입주민 전용),3,AC완속,전라남도 목포시 석현로45번길 22-10(1179 목포석현동라송센트럴카운티3차아파트),24시간 이용가능,126.4266789,34.81800506
전남목포 산정로제비앙3,2,AC완속,전라남도 목포시 양을로79번길 6(목포산정 대광로제비앙),24시간 이용가능,126.3825974,34.80594183
석현현대,1,AC완속,전라남도 목포시 영산로 676-7석현현대(532-2 현대아파트),08:00~20:00,126.4248331,34.82533864
로얄호텔,2,AC완속,전라남도 목포시 통일대로 12(상동)(상동 1115-3),24시간 이용가능,126.4266586,34.79734744
현대자동차블루핸즈 삽진공업사,2,DC콤보,전라남도 목포시 대양로13번길 12현대자동차블루핸즈 삽진공업사(연산동 618-37),24시간 이용가능,126.3832665,34.82356291
케이티용당빌딩,1,AC완속,전라남도 목포시 용당로 257 (용당동)주차장,비개방,126.39919,34.80970985
서희스타힐스,3,AC완속,전라남도 목포시 영산로 719-29(목포석현 서희스타힐스),00:00~24:00,126.4183932,34.82616703
케이티하당빌딩,2,AC완속,"전라남도 목포시 통일대로119번길 81 (옥암동, 전화국)주차장",비개방,126.4322987,34.80836465
트윈스타,1,AC완속,전라남도 목포시 수문로 32지하주차장 B4 102동 출입구 옆,09:00~18:00,126.3829342,34.79313247
목포석현동센트럴카운티 5차(입주민 전용),1,AC완속,전라남도 목포시 영산로 648-24(라송센트럴카운티5차 아파트),24시간 이용가능,126.4265433,34.82025184
보보스모텔,2,AC완속,전라남도 목포시 하당남부로51번길 3,24시간 이용가능,126.4293873,34.80042018
전남목포 신안비치2차아파트,2,AC완속,전라남도 목포시 고하대로 641-10지상주차장 화단,"24시간 이용가능,입주민만 사용가능 거주자외출입제한",126.3689717,34.80661306
한국농어촌공사영산강사업단,2,AC완속,전라남도 목포시 영산로 463(상동)(상동 509),24시간 이용가능,126.4150152,34.80862295
목포가족관광호텔,2,AC완속,전라남도 목포시 호남로64번길 28(대안동)목포가족관광호텔(대안동 12-1),24시간 이용가능,126.3846468,34.79202104
서희스타힐스,2,AC완속,전라남도 목포시 영산로 719-29(목포석현 서희스타힐스),00:00~24:00,126.4183932,34.82616703
하당현대2차,4,AC완속,전라남도 목포시 삼향천로91번길 21(992 하당2차현대아파트),00:00~24:00,126.429914,34.80694965
케이티하당빌딩,22,AC완속,"전라남도 목포시 통일대로119번길 81 (옥암동, 전화국)주차장",비개방,126.4322987,34.80836465
트윈스타,2,AC완속,전라남도 목포시 수문로 32지하주차장 B4 102동 출입구 옆,09:00~18:00,126.3829342,34.79313247
목포석현동센트럴카운티 2차(입주민 전용),2,AC완속,전라남도 목포시 청호로136번길 22(1837 라송센트럴카운티2차아파트),24시간 이용가능,126.3777951,34.80511405
에코호텔,1,AC완속,전라남도 목포시 비파로124번길 11,24시간 이용가능,126.4239301,34.80963269
H모텔,1,AC완속,전라남도 목포시 비파로124번길 16-1(상동)(상동 855-6),24시간 이용가능,126.4245736,34.80937868
전남목포 산정로제비앙2,2,AC완속,전라남도 목포시 양을로79번길 6(목포산정 대광로제비앙),24시간 이용가능,126.3825974,34.80594183
전남목포 신안인스빌아파트101동,3,AC완속,전라남도 목포시 삼학로 363101동B2-A02기둥,"24시간 이용가능,입주민만 사용가능 거주자외출입제한",126.4095807,34.80549591
서희스타힐스,4,AC완속,전라남도 목포시 영산로 719-29(목포석현 서희스타힐스),00:00~24:00,126.4183932,34.82616703
하당현대2차,3,AC완속,전라남도 목포시 삼향천로91번길 21(992 하당2차현대아파트),00:00~24:00,126.429914,34.80694965
전남목포 근화희망타운1차아파트2,1,AC완속,전라남도 목포시 산양로 40(75-1 근화희망타운아파트),24시간 이용가능,126.4273527,34.83640868
롯데렌터카 목포사업장(입주사 전용),1,DC콤보,전라남도 목포시 백년대로 272(상동 902-1),24시간 이용가능,126.4181099,34.80241063
목포석현동센트럴카운티 5차(입주민 전용),2,AC완속,전라남도 목포시 영산로 648-24(라송센트럴카운티5차 아파트),24시간 이용가능,126.4265433,34.82025184
목포석현동센트럴카운티 2차(입주민 전용),3,AC완속,전라남도 목포시 청호로136번길 22(1837 라송센트럴카운티2차아파트),24시간 이용가능,126.3777951,34.80511405
M모텔,2,AC완속,전라남도 목포시 호남로64번길 13(대안동)(대안동 4-2),24시간 이용가능,126.3853707,34.79305653
전남목포 삼성아파트 2주차장,1,AC완속,전라남도 목포시 부흥로 12(1018 삼성아파트),24시간 이용가능,126.4230338,34.79937945
목포소방서,1,AC완속,전라남도 목포시 삼향천로 110(옥암동)(974 목포소방서),24시간 이용가능,126.4302513,34.80994902
전남목포 연산주공5단지아파트2,1,AC완속,전라남도 목포시 원산중앙로 109-1(1261 연산주공5단지아파트),24시간 이용가능,126.3824466,34.81359147
전남목포 근화희망타운1차아파트,3,AC완속,전라남도 목포시 산양로 40103동앞(75-1 근화희망타운아파트 103동앞),24시간 이용가능,126.4295459,34.83722151
하당현대2차,5,AC완속,전라남도 목포시 삼향천로91번길 21(992 하당2차현대아파트),00:00~24:00,126.429914,34.80694965
전남목포 산정로제비앙3,4,AC완속,전라남도 목포시 양을로79번길 6(목포산정 대광로제비앙),24시간 이용가능,126.3825974,34.80594183
목포석현동센트럴카운티 3차(입주민 전용),4,AC완속,전라남도 목포시 석현로45번길 22-10(1179 목포석현동라송센트럴카운티3차아파트),24시간 이용가능,126.4266789,34.81800506
에코호텔,2,AC완속,전라남도 목포시 비파로124번길 11,24시간 이용가능,126.4239301,34.80963269
목포석현동센트럴카운티 5차(입주민 전용),3,AC완속,전라남도 목포시 영산로 648-24(라송센트럴카운티5차 아파트),24시간 이용가능,126.4265433,34.82025184
서희스타힐스,5,AC완속,전라남도 목포시 영산로 719-29(목포석현 서희스타힐스),00:00~24:00,126.4183932,34.82616703
전남목포 신안인스빌,4,AC완속,전라남도 목포시 삼학로 363(126 신안인스빌아파트),24시간 이용가능,126.4069389,34.80381035
빅토리아모텔,2,AC완속,전라남도 목포시 하당남부로61번길 22(상동)(상동 1009-4),24시간 이용가능,126.4296703,34.80208634
전남목포 산정로제비앙3,3,AC완속,전라남도 목포시 양을로79번길 6(목포산정 대광로제비앙),24시간 이용가능,126.3825974,34.80594183
전남목포 용해동아아파트7동,2,AC완속,전라남도 목포시 삼학로 303-37동 B1,"24시간 이용가능,입주민만 사용가능 거주자외출입제한",126.4070014,34.79704624
전남목포 신안비치2차아파트,4,AC완속,전라남도 목포시 고하대로 641-10지상주차장 화단,"24시간 이용가능,입주민만 사용가능 거주자외출입제한",126.3689717,34.80661306
현대 목포지점(현대차 전용),1,DC콤보,전라남도 목포시 남악로 123(옥암동 1363-5),24시간 이용가능,126.4520287,34.80563986
스카이모텔,1,AC완속,전라남도 목포시 신흥로59번길 15,24시간 이용가능,126.4259613,34.80514565
대양파크모텔,1,AC완속,전라남도 목포시 삼학로18번길 17대양파크모텔,24시간 이용가능,126.3891819,34.78965764
석현현대,2,AC완속,전라남도 목포시 영산로 676-7석현현대(532-2 현대아파트),08:00~20:00,126.4248331,34.82533864
하당현대2차,6,AC완속,전라남도 목포시 삼향천로91번길 21(992 하당2차현대아파트),00:00~24:00,126.429914,34.80694965
전남목포 신안인스빌아파트107동,5,AC완속,전라남도 목포시 삼학로 363107동B1-A13기둥,"24시간 이용가능,입주민만 사용가능 거주자외출입제한",126.4095807,34.80549591
전남목포 산정로제비앙1,1,AC완속,전라남도 목포시 양을로79번길 6(목포산정 대광로제비앙),24시간 이용가능,126.3825974,34.80594183
전남목포 신안비치2차아파트,3,AC완속,전라남도 목포시 고하대로 641-10지상주차장 화단,"24시간 이용가능,입주민만 사용가능 거주자외출입제한",126.3689717,34.80661306
전남목포 우미오션빌601동,3,AC완속,전라남도 목포시 평화로107번길 16601동 B1,"24시간 이용가능,입주민만 사용가능 거주자외출입제한",126.4341176,34.800404
H모텔,2,AC완속,전라남도 목포시 비파로124번길 16-1(상동)(상동 855-6),24시간 이용가능,126.4245736,34.80937868
삼학119안전센타,1,AC완속,전라남도 목포시 삼학로 218(산정동)(1422-3 삼학119안전센터),24시간 이용가능,126.4067609,34.79017209
대양파크모텔,2,AC완속,전라남도 목포시 삼학로18번길 17대양파크모텔,24시간 이용가능,126.3891819,34.78965764
전기안전공사 전남서부지사,1,AC완속,전라남도 목포시 호남로 72B1층 기계실 입구 벽면,"평일 09시~18시 이용가능, 주말/공휴일 이용불가",126.3863973,34.79388378
전남목포 신안인스빌아파트107동,1,AC완속,전라남도 목포시 삼학로 363107동B1-A13기둥,"24시간 이용가능,입주민만 사용가능 거주자외출입제한",126.4095807,34.80549591
전남목포 옥암펠리시아아파트1,2,AC완속,전라남도 목포시 하당로289번길 7(1058-13 옥암펠리시아),24시간 이용가능,126.4266479,34.81192451
전남목포 산정로제비앙1,2,AC완속,전라남도 목포시 양을로79번길 6(목포산정 대광로제비앙),24시간 이용가능,126.3825974,34.80594183
전남목포 종원나이스빌106동,2,AC완속,전라남도 목포시 양을로 1215주차장 1층 106동 기둥08,"24시간 이용가능,입주민만 사용가능 거주자외출입제한",126.4236863,34.81056922
전남목포 신안인스빌아파트101동,4,AC완속,전라남도 목포시 삼학로 363101동B2-A02기둥,"24시간 이용가능,입주민만 사용가능 거주자외출입제한",126.4095807,34.80549591
석현현대,3,AC완속,전라남도 목포시 영산로 676-7석현현대(532-2 현대아파트),08:00~20:00,126.4248331,34.82533864
목포소방서,2,AC완속,전라남도 목포시 삼향천로 110(옥암동)(974 목포소방서),24시간 이용가능,126.4302513,34.80994902
삼학119안전센타,2,AC완속,전라남도 목포시 삼학로 218(산정동)(1422-3 삼학119안전센터),24시간 이용가능,126.4067609,34.79017209
전남목포 산정로제비앙3,5,AC완속,전라남도 목포시 양을로79번길 6(목포산정 대광로제비앙),24시간 이용가능,126.3825974,34.80594183
전남목포 연산주공5단지아파트2,3,AC완속,전라남도 목포시 원산중앙로 109-1(1261 연산주공5단지아파트),24시간 이용가능,126.3824466,34.81359147
전남목포 우미오션빌,4,AC완속,전라남도 목포시 평화로107번길 16(1097 우미오션빌),24시간 이용가능,126.4358541,34.79928754
전남목포 삼성아파트 1주차장,1,AC완속,전라남도 목포시 부흥로 12(1018 삼성아파트),24시간 이용가능,126.4230338,34.79937945
전남목포 하당동아아파트 101동,1,AC완속,전라남도 목포시 신흥로45번길 13101동 2호앞 지상주차장,"24시간 이용가능,입주민만 사용가능 거주자외출입제한",126.4246567,34.80517471
전기안전공사 전남서부지사,2,AC완속,전라남도 목포시 호남로 72B1층 기계실 입구 벽면,"평일 09시~18시 이용가능, 주말/공휴일 이용불가",126.3863973,34.79388378
서희스타힐스,6,AC완속,전라남도 목포시 영산로 719-29(목포석현 서희스타힐스),00:00~24:00,126.4183932,34.82616703
하당현대2차,1,AC완속,전라남도 목포시 삼향천로91번길 21(992 하당2차현대아파트),00:00~24:00,126.429914,34.80694965
전남목포 산정로제비앙2,3,AC완속,전라남도 목포시 양을로79번길 6(목포산정 대광로제비앙),24시간 이용가능,126.3825974,34.80594183
전남목포 연산주공5단지아파트2,2,AC완속,전라남도 목포시 원산중앙로 109-1(1261 연산주공5단지아파트),24시간 이용가능,126.3824466,34.81359147
전남목포 신안인스빌,1,AC완속,전라남도 목포시 삼학로 363(126 신안인스빌아파트),24시간 이용가능,126.4069389,34.80381035
전남목포 용해동아아파트8동,2,AC완속,전라남도 목포시 삼학로 303-38동 B1,"24시간 이용가능,입주민만 사용가능 거주자외출입제한",126.4070014,34.79704624
전남목포 종원나이스빌102동,1,AC완속,전라남도 목포시 양을로 1213주차장 102동 기둥10,"24시간 이용가능,입주민만 사용가능 거주자외출입제한",126.4236863,34.81056922
한국농어촌공사영산강사업단,1,AC완속,전라남도 목포시 영산로 463(상동)(상동 509),24시간 이용가능,126.4150152,34.80862295
전남목포 한라비발디,5,AC완속,전라남도 목포시 남악2로22번길 10옥외지상주차장,"24시간 이용가능,입주민만 사용가능 거주자외출입제한",126.4538594,34.8071182
전남목포 근화희망타운1차아파트,1,AC완속,전라남도 목포시 산양로 40103동앞(75-1 근화희망타운아파트 103동앞),24시간 이용가능,126.4295459,34.83722151
전남목포 산정로제비앙2,4,AC완속,전라남도 목포시 양을로79번길 6(목포산정 대광로제비앙),24시간 이용가능,126.3825974,34.80594183
전남목포 삼성아파트 2주차장,2,AC완속,전라남도 목포시 부흥로 12(1018 삼성아파트),24시간 이용가능,126.4230338,34.79937945
전남목포 신안인스빌,2,AC완속,전라남도 목포시 삼학로 363(126 신안인스빌아파트),24시간 이용가능,126.4069389,34.80381035
전남목포 용해동아아파트8동,1,AC완속,전라남도 목포시 삼학로 303-38동 B1,"24시간 이용가능,입주민만 사용가능 거주자외출입제한",126.4070014,34.79704624
전남목포 신안인스빌아파트107동,2,AC완속,전라남도 목포시 삼학로 363107동B1-A13기둥,"24시간 이용가능,입주민만 사용가능 거주자외출입제한",126.4095807,34.80549591
전남목포 우미오션빌605동,2,AC완속,전라남도 목포시 평화로107번길 16605동 B1,"24시간 이용가능,입주민만 사용가능 거주자외출입제한",126.4341176,34.800404
전남목포 코아루천년가아파트,5,AC완속,전라남도 목포시 남악1로16번길 43-14(코아루 천년가아파트),24시간 이용가능,126.4523789,34.8076483
전남목포 한라비발디3,5,AC완속,전라남도 목포시 남악2로22번길 10(1321 한라비발디),24시간 이용가능,126.4538594,34.8071182
전남목포 산정로제비앙2,1,AC완속,전라남도 목포시 양을로79번길 6(목포산정 대광로제비앙),24시간 이용가능,126.3825974,34.80594183
전남목포 신안인스빌,5,AC완속,전라남도 목포시 삼학로 363(126 신안인스빌아파트),24시간 이용가능,126.4069389,34.80381035
전남목포 삼성아파트 2주차장,3,AC완속,전라남도 목포시 부흥로 12(1018 삼성아파트),24시간 이용가능,126.4230338,34.79937945
전남목포 신안인스빌아파트107동,3,AC완속,전라남도 목포시 삼학로 363107동B1-A13기둥,"24시간 이용가능,입주민만 사용가능 거주자외출입제한",126.4095807,34.80549591
전남목포 연산주공5단지아파트3,1,AC완속,전라남도 목포시 원산중앙로 109-1(1261 연산주공5단지아파트),24시간 이용가능,126.3824466,34.81359147
전남목포 우미오션빌605동,1,AC완속,전라남도 목포시 평화로107번길 16605동 B1,"24시간 이용가능,입주민만 사용가능 거주자외출입제한",126.4341176,34.800404
전남목포 코아루천년가아파트,1,AC완속,전라남도 목포시 남악1로16번길 43-14(코아루 천년가아파트),24시간 이용가능,126.4523789,34.8076483
목포해양대학교 신축건물,3,AC완속,전라남도 목포시 해양대학로 91목포해양대학교 신축건물(562-84 해양대학교),24시간 이용가능,126.3616175,34.79834341
전남목포 한라비발디,1,AC완속,전라남도 목포시 남악2로22번길 10옥외지상주차장,"24시간 이용가능,입주민만 사용가능 거주자외출입제한",126.4538594,34.8071182
전남목포 산정로제비앙3,1,AC완속,전라남도 목포시 양을로79번길 6(목포산정 대광로제비앙),24시간 이용가능,126.3825974,34.80594183
전남목포 삼성아파트 1주차장,2,AC완속,전라남도 목포시 부흥로 12(1018 삼성아파트),24시간 이용가능,126.4230338,34.79937945
전남목포 신안인스빌아파트101동,1,AC완속,전라남도 목포시 삼학로 363101동B2-A02기둥,"24시간 이용가능,입주민만 사용가능 거주자외출입제한",126.4095807,34.80549591
전남목포 연산주공5단지아파트1,1,AC완속,전라남도 목포시 원산중앙로 109-1(1261 연산주공5단지아파트),24시간 이용가능,126.3824466,34.81359147
전남목포 종원나이스빌106동,3,AC완속,전라남도 목포시 양을로 1215주차장 1층 106동 기둥08,"24시간 이용가능,입주민만 사용가능 거주자외출입제한",126.4236863,34.81056922
전남목포 우미오션빌,1,AC완속,전라남도 목포시 평화로107번길 16(1097 우미오션빌),24시간 이용가능,126.4358541,34.79928754
전남목포 하당동아아파트 101동,3,AC완속,전라남도 목포시 신흥로45번길 13101동 2호앞 지상주차장,"24시간 이용가능,입주민만 사용가능 거주자외출입제한",126.4246567,34.80517471
용해지구 목포어울림도서관,2,DC차데모+AC3상+DC콤보,전라남도 목포시 용해지구로 31목포어울림도서관(용해동 997-1),09:00~1800,126.3959243,34.81685158
전남목포 한라비발디3,1,AC완속,전라남도 목포시 남악2로22번길 10(1321 한라비발디),24시간 이용가능,126.4538594,34.8071182
전남목포 신안비치2차아파트,1,AC완속,전라남도 목포시 고하대로 641-10지상주차장 화단,"24시간 이용가능,입주민만 사용가능 거주자외출입제한",126.3689717,34.80661306
전남목포 신안인스빌,3,AC완속,전라남도 목포시 삼학로 363(126 신안인스빌아파트),24시간 이용가능,126.4069389,34.80381035
전남목포 연산주공5단지아파트3,2,AC완속,전라남도 목포시 원산중앙로 109-1(1261 연산주공5단지아파트),24시간 이용가능,126.3824466,34.81359147
전남목포 옥암펠리시아아파트2,1,AC완속,전라남도 목포시 하당로289번길 7(1058-13 옥암펠리시아),24시간 이용가능,126.4266479,34.81192451
전남목포 우미오션빌605동,3,AC완속,전라남도 목포시 평화로107번길 16605동 B1,"24시간 이용가능,입주민만 사용가능 거주자외출입제한",126.4341176,34.800404
전남목포 하당동아아파트 101동,2,AC완속,전라남도 목포시 신흥로45번길 13101동 2호앞 지상주차장,"24시간 이용가능,입주민만 사용가능 거주자외출입제한",126.4246567,34.80517471
전남목포 한라비발디2,2,AC완속,전라남도 목포시 남악2로22번길 10(1321 한라비발디),24시간 이용가능,126.4538594,34.8071182
목포 광신프로그레스,3,AC완속,전라남도 목포시 영산로565번길 231~5구역 주차장,24시간 이용가능,126.4179644,34.8156312
목포세무서,1,DC콤보,전라남도 목포시 호남로58번길 19목포세무서(대안동 3-2),09:00~18:00,126.3848374,34.7930805
전남목포 신안인스빌아파트101동,2,AC완속,전라남도 목포시 삼학로 363101동B2-A02기둥,"24시간 이용가능,입주민만 사용가능 거주자외출입제한",126.4095807,34.80549591
전남목포 신안인스빌아파트107동,4,AC완속,전라남도 목포시 삼학로 363107동B1-A13기둥,"24시간 이용가능,입주민만 사용가능 거주자외출입제한",126.4095807,34.80549591
전남목포 연산주공5단지아파트1,2,AC완속,전라남도 목포시 원산중앙로 109-1(1261 연산주공5단지아파트),24시간 이용가능,126.3824466,34.81359147
전남목포 우미오션빌,2,AC완속,전라남도 목포시 평화로107번길 16(1097 우미오션빌),24시간 이용가능,126.4358541,34.79928754
전남목포 코아루천년가아파트,2,AC완속,전라남도 목포시 남악1로16번길 43-14(코아루 천년가아파트),24시간 이용가능,126.4523789,34.8076483
전남목포 한라비발디2,1,AC완속,전라남도 목포시 남악2로22번길 10(1321 한라비발디),24시간 이용가능,126.4538594,34.8071182
목포해양대학교 해양공학관A9동,3,AC완속,전라남도 목포시 해양대학로 91목포해양대학교 해양공학관A9동(562-84 해양대학교),24시간 이용가능,126.3616175,34.79834341
목포 새한의료재단 목포성심요양병원,1,AC완속,전라남도 목포시 영산로844번길 133동 주차장,24시간 이용가능,126.4240751,34.8372084
전남목포 옥암펠리시아아파트1,1,AC완속,전라남도 목포시 하당로289번길 7(1058-13 옥암펠리시아),24시간 이용가능,126.4266479,34.81192451
전남목포 연산주공5단지아파트1,3,AC완속,전라남도 목포시 원산중앙로 109-1(1261 연산주공5단지아파트),24시간 이용가능,126.3824466,34.81359147
전남목포 우미오션빌,5,AC완속,전라남도 목포시 평화로107번길 16(1097 우미오션빌),24시간 이용가능,126.4358541,34.79928754
전남목포 종원나이스빌101동,1,AC완속,전라남도 목포시 양을로 1211주차장 1층 101동 기둥2-3,"24시간 이용가능,입주민만 사용가능 거주자외출입제한",126.4236863,34.81056922
전남목포 한라비발디4,2,AC완속,전라남도 목포시 남악2로22번길 10(1321 한라비발디),24시간 이용가능,126.4538594,34.8071182
전남목포 하당동아아파트 108동,1,AC완속,전라남도 목포시 신흥로45번길 13108동앞 지상주차장,"24시간 이용가능,입주민만 사용가능 거주자외출입제한",126.4246567,34.80517471
목포 500호모텔,1,AC완속,전라남도 목포시 평화로140번길 22옥내주차장,24시간 이용가능/시설 상황에 따라 이용이 제한될 수 있습니다,126.4369155,34.80175941
옥암골드클래스,1,AC완속,전라남도 목포시 남악1로16번길 10,24시간 이용가능,126.4493718,34.80641226
전남목포 옥암펠리시아아파트2,2,AC완속,전라남도 목포시 하당로289번길 7(1058-13 옥암펠리시아),24시간 이용가능,126.4266479,34.81192451
전남목포 용해동아아파트7동,1,AC완속,전라남도 목포시 삼학로 303-37동 B1,"24시간 이용가능,입주민만 사용가능 거주자외출입제한",126.4070014,34.79704624
전남목포 우미오션빌,3,AC완속,전라남도 목포시 평화로107번길 16(1097 우미오션빌),24시간 이용가능,126.4358541,34.79928754
전남목포 종원나이스빌103동,1,AC완속,전라남도 목포시 양을로 1212주차장 1층 103동 기둥01,"24시간 이용가능,입주민만 사용가능 거주자외출입제한",126.4236863,34.81056922
전남목포 코아루천년가아파트,3,AC완속,전라남도 목포시 남악1로16번길 43-14(코아루 천년가아파트),24시간 이용가능,126.4523789,34.8076483
전남목포 한라비발디4,1,AC완속,전라남도 목포시 남악2로22번길 10(1321 한라비발디),24시간 이용가능,126.4538594,34.8071182
목포 광신프로그레스,9,AC완속,전라남도 목포시 영산로565번길 231~5구역 주차장,24시간 이용가능,126.4179644,34.8156312
목포해양대학교 제2공학관B2동,2,AC완속,전라남도 목포시 해양대학로 91목포해양대학교 제2공학관B2동(562-84 해양대학교),24시간 이용가능,126.3616175,34.79834341
하당프라임아너팰리스/유한회사 프라임디앤씨,3,AC완속,전라남도 목포시 부흥로 69(1002-5 프라임아너팰리스),24시간 이용가능,126.4284202,34.80317995
전남목포 우미오션빌601동,1,AC완속,전라남도 목포시 평화로107번길 16601동 B1,"24시간 이용가능,입주민만 사용가능 거주자외출입제한",126.4341176,34.800404
전남목포 종원나이스빌101동,2,AC완속,전라남도 목포시 양을로 1211주차장 1층 101동 기둥2-3,"24시간 이용가능,입주민만 사용가능 거주자외출입제한",126.4236863,34.81056922
전남목포 하당5차우미파크빌,1,AC완속,전라남도 목포시 평화로20번길 11503동B1-A주차장,"24시간 이용가능,입주민만 사용가능 거주자외출입제한",126.4269055,34.79580497
전남목포 하당동아아파트 108동,2,AC완속,전라남도 목포시 신흥로45번길 13108동앞 지상주차장,"24시간 이용가능,입주민만 사용가능 거주자외출입제한",126.4246567,34.80517471
전남목포 한라비발디2,3,AC완속,전라남도 목포시 남악2로22번길 10(1321 한라비발디),24시간 이용가능,126.4538594,34.8071182
목포해양대학교 제2공학관B2동,1,AC완속,전라남도 목포시 해양대학로 91목포해양대학교 제2공학관B2동(562-84 해양대학교),24시간 이용가능,126.3616175,34.79834341
백련지구천년가-102동,1,AC완속,"전라남도 목포시 연산백련로1번길 79102동 A 27,34",24시간 이용가능,126.3910859,34.82004563
현대자동차 상동대리점,1,AC완속,전라남도 목포시 통일대로 107현대자동차 상동대리점(옥암동 1038-5),09:00~18:00,126.4353502,34.80202255
빅토리아 모텔,1,AC완속,전라남도 목포시 하당남부로61번길 22옥외주차장 우측 건물 벽면(상동 1009-4),24시간 이용가능,126.4296703,34.80208634
전남목포 우미오션빌601동,2,AC완속,전라남도 목포시 평화로107번길 16601동 B1,"24시간 이용가능,입주민만 사용가능 거주자외출입제한",126.4341176,34.800404
전남목포 종원나이스빌104동,1,AC완속,전라남도 목포시 양을로 1214주차장 104동 기둥07,"24시간 이용가능,입주민만 사용가능 거주자외출입제한",126.4236863,34.81056922
전남목포 코아루천년가아파트,4,AC완속,전라남도 목포시 남악1로16번길 43-14(코아루 천년가아파트),24시간 이용가능,126.4523789,34.8076483
전남목포 한라비발디2,4,AC완속,전라남도 목포시 남악2로22번길 10(1321 한라비발디),24시간 이용가능,126.4538594,34.8071182
전남목포 한라비발디,2,AC완속,전라남도 목포시 남악2로22번길 10옥외지상주차장,"24시간 이용가능,입주민만 사용가능 거주자외출입제한",126.4538594,34.8071182
한국전기안전공사 전남서부지사,1,AC완속,전라남도 목포시 호남로 72한국전기안전공사 전남서부지사(호남동 10-50),10:00~18:00,126.3863973,34.79388378
옥암골드클래스,7,AC완속,전라남도 목포시 남악1로16번길 10,24시간 이용가능,126.4493718,34.80641226
목포 광신프로그레스,5,AC완속,전라남도 목포시 영산로565번길 231~5구역 주차장,24시간 이용가능,126.4179644,34.8156312
궁무인호텔,1,AC완속,전라남도 목포시 신항로276번길 42궁무인호텔,24시간 이용가능,126.3571827,34.7561891
전남목포 종원나이스빌106동,1,AC완속,전라남도 목포시 양을로 1215주차장 1층 106동 기둥08,"24시간 이용가능,입주민만 사용가능 거주자외출입제한",126.4236863,34.81056922
전남목포 하당5차우미파크빌,2,AC완속,전라남도 목포시 평화로20번길 11503동B1-A주차장,"24시간 이용가능,입주민만 사용가능 거주자외출입제한",126.4269055,34.79580497
전남목포 한라비발디4,3,AC완속,전라남도 목포시 남악2로22번길 10(1321 한라비발디),24시간 이용가능,126.4538594,34.8071182
전남목포 하당동아아파트 108동,3,AC완속,전라남도 목포시 신흥로45번길 13108동앞 지상주차장,"24시간 이용가능,입주민만 사용가능 거주자외출입제한",126.4246567,34.80517471
목포가족관광호텔,1,AC완속,전라남도 목포시 호남로64번길 28지하주차장 졍면 우측 벽면(대안동 12-1),24시간 이용가능,126.3846468,34.79202104
목포 광신프로그레스,4,AC완속,전라남도 목포시 영산로565번길 231~5구역 주차장,24시간 이용가능,126.4179644,34.8156312
목포무인호텔,2,AC완속,전라남도 목포시 번화로 82목포무인호텔,24시간 이용가능,126.3872561,34.78849307
목포주원병원,1,AC완속,전라남도 목포시 산계길 4-9주차장,24시간 이용가능,126.4256163,34.83848262
전남목포 하당5차우미파크빌,3,AC완속,전라남도 목포시 평화로20번길 11503동B1-A주차장,"24시간 이용가능,입주민만 사용가능 거주자외출입제한",126.4269055,34.79580497
전남목포 한라비발디,3,AC완속,전라남도 목포시 남악2로22번길 10옥외지상주차장,"24시간 이용가능,입주민만 사용가능 거주자외출입제한",126.4538594,34.8071182
전남목포 한라비발디4,4,AC완속,전라남도 목포시 남악2로22번길 10(1321 한라비발디),24시간 이용가능,126.4538594,34.8071182
목포해양대학교 제2공학관B2동,3,AC완속,전라남도 목포시 해양대학로 91목포해양대학교 제2공학관B2동(562-84 해양대학교),24시간 이용가능,126.3616175,34.79834341
목포 새한의료재단 목포성심요양병원,2,AC완속,전라남도 목포시 영산로844번길 133동 주차장,24시간 이용가능,126.4240751,34.8372084
청호시장,1,AC완속,전라남도 목포시 석현로 28주차장,24시간 이용가능,126.4246814,34.81544278
윈저호텔,2,AC완속,전라남도 목포시 통일대로 16윈저호텔,24시간 이용가능,126.4268386,34.79742747
옥암골드클래스,3,AC완속,전라남도 목포시 남악1로16번길 10,24시간 이용가능,126.4493718,34.80641226
전남목포 한라비발디,4,AC완속,전라남도 목포시 남악2로22번길 10옥외지상주차장,"24시간 이용가능,입주민만 사용가능 거주자외출입제한",126.4538594,34.8071182
전남목포 한라비발디3,2,AC완속,전라남도 목포시 남악2로22번길 10(1321 한라비발디),24시간 이용가능,126.4538594,34.8071182
목포해양대학교 해양공학관A9동,1,AC완속,전라남도 목포시 해양대학로 91목포해양대학교 해양공학관A9동(562-84 해양대학교),24시간 이용가능,126.3616175,34.79834341
재단법인전남테크노파크(세라믹산업센터),1,AC완속,전라남도 목포시 대양로 26(1998 전남테크노파크),24시간 이용가능,126.3823855,34.82067295
대성종합정비공업사,2,AC완속,전라남도 목포시 고하대로 801대성종합정비공업사,24시간 이용가능,126.3813525,34.8158357
옥암골드클래스,2,AC완속,전라남도 목포시 남악1로16번길 10,24시간 이용가능,126.4493718,34.80641226
골드디움5차아파트,5,AC완속,전라남도 목포시 용해지구로88번길 23골드디움5차아파트(1042 골드디움5차아파트),09:00~18:00,126.394401,34.82066191
하당프라임아너팰리스/유한회사 프라임디앤씨,5,AC완속,전라남도 목포시 부흥로 69(1002-5 프라임아너팰리스),24시간 이용가능,126.4284202,34.80317995
전남목포 한라비발디2,5,AC완속,전라남도 목포시 남악2로22번길 10(1321 한라비발디),24시간 이용가능,126.4538594,34.8071182
목포세무서,2,DC콤보,전라남도 목포시 호남로58번길 19목포세무서(대안동 3-2),09:00~18:00,126.3848374,34.7930805
재단법인전남테크노파크(세라믹산업센터),2,AC완속,전라남도 목포시 대양로 26(1998 전남테크노파크),24시간 이용가능,126.3823855,34.82067295
목포 광신프로그레스,6,AC완속,전라남도 목포시 영산로565번길 231~5구역 주차장,24시간 이용가능,126.4179644,34.8156312
샤모텔,2,AC완속,전라남도 목포시 미항로 14샤모텔,24시간 이용가능,126.4263642,34.79687144
근화블루빌아파트,3,AC완속,전라남도 목포시 텃골로13번길 32근화블루빌아파트(816-12 근화블루빌아파트),09:00~18:00,126.4197668,34.82007824
하당프라임아너팰리스/유한회사 프라임디앤씨,4,AC완속,전라남도 목포시 부흥로 69(1002-5 프라임아너팰리스),24시간 이용가능,126.4284202,34.80317995
시티 호텔,1,AC완속,전라남도 목포시 번영로 26주차장(상동 1010-2),24시간 이용가능,126.4294176,34.80179828
전남목포 한라비발디3,3,AC완속,전라남도 목포시 남악2로22번길 10(1321 한라비발디),24시간 이용가능,126.4538594,34.8071182
목포 광신프로그레스,7,AC완속,전라남도 목포시 영산로565번길 231~5구역 주차장,24시간 이용가능,126.4179644,34.8156312
에드가안채아파트,1,AC완속,전라남도 목포시 옥암로 177-1에드가안채아파트(1178 에드가안채),24시간 이용가능,126.4214479,34.81383254
목포주원병원,2,AC완속,전라남도 목포시 산계길 4-9주차장,24시간 이용가능,126.4256163,34.83848262
골드디움5차아파트,1,AC완속,전라남도 목포시 용해지구로88번길 23골드디움5차아파트(1042 골드디움5차아파트),09:00~18:00,126.394401,34.82066191
하당 중흥s클래스 센텀뷰,2,AC완속,전라남도 목포시 비파로 96하당 중흥s클래스 센텀뷰(상동 860),09:00~18:00,126.4252439,34.80676061
빅토리아 모텔,2,AC완속,전라남도 목포시 하당남부로61번길 22옥외주차장 우측 건물 벽면(상동 1009-4),24시간 이용가능,126.4296703,34.80208634
전남목포 한라비발디3,4,AC완속,전라남도 목포시 남악2로22번길 10(1321 한라비발디),24시간 이용가능,126.4538594,34.8071182
그린카 목포점,1,AC완속,전라남도 목포시 호남동 101,24시간 이용가능,126.3871794,34.79351625
목포해양대학교 신축건물,1,AC완속,전라남도 목포시 해양대학로 91목포해양대학교 신축건물(562-84 해양대학교),24시간 이용가능,126.3616175,34.79834341
전남 해양대학교 급속충전소(NEWK),1,DC콤보,전라남도 목포시 해양대학로 91(562-84 해양대학교),24시간 이용가능,126.3616175,34.79834341
목포 500호모텔,2,AC완속,전라남도 목포시 평화로140번길 22옥내주차장,24시간 이용가능/시설 상황에 따라 이용이 제한될 수 있습니다,126.4369155,34.80175941
옥암골드클래스,4,AC완속,전라남도 목포시 남악1로16번길 10,24시간 이용가능,126.4493718,34.80641226
한울편안채 101동,1,AC완속,전라남도 목포시 신촌로 27-1한울편안채 101동(산정동 230),09:00~18:00,126.3873223,34.80541615
골드디움5차아파트,11,AC완속,전라남도 목포시 용해지구로88번길 23골드디움5차아파트(1042 골드디움5차아파트),09:00~18:00,126.394401,34.82066191
궁무인호텔,2,AC완속,전라남도 목포시 신항로276번길 42궁무인호텔,24시간 이용가능,126.3571827,34.7561891
전남목포 한라비발디4,5,AC완속,전라남도 목포시 남악2로22번길 10(1321 한라비발디),24시간 이용가능,126.4538594,34.8071182
목포무인호텔2,2,AC완속,전라남도 목포시 해안로249번길 26목포무인호텔2,24시간 이용가능,126.3869948,34.78830492
목포해양대학교 신축건물,2,AC완속,전라남도 목포시 해양대학로 91목포해양대학교 신축건물(562-84 해양대학교),24시간 이용가능,126.3616175,34.79834341
에드가안채아파트,2,AC완속,전라남도 목포시 옥암로 177-1에드가안채아파트(1178 에드가안채),24시간 이용가능,126.4214479,34.81383254
옥암골드클래스,5,AC완속,전라남도 목포시 남악1로16번길 10,24시간 이용가능,126.4493718,34.80641226
목포 광신프로그레스,10,AC완속,전라남도 목포시 영산로565번길 231~5구역 주차장,24시간 이용가능,126.4179644,34.8156312
500호 모텔,1,AC완속,전라남도 목포시 평화로140번길 22전기차 충전소 주차장(옥암동 1092-4),24시간 이용가능,126.4369155,34.80175941
목포 근화희망타운3차아파트,1,AC완속,전라남도 목포시 산양로 50(75-18 근화희망타운3차아파트),24시간 이용가능,126.4290423,34.83629101
근화그린1차아파트,1,AC완속,전라남도 목포시 산정로 268-3(326-10 근화그린맨션),24시간 이용가능,126.3872046,34.81165402
목포해양대학교 해양공학관A9동,2,AC완속,전라남도 목포시 해양대학로 91목포해양대학교 해양공학관A9동(562-84 해양대학교),24시간 이용가능,126.3616175,34.79834341
목포무인호텔2,1,AC완속,전라남도 목포시 해안로249번길 26목포무인호텔2,24시간 이용가능,126.3869948,34.78830492
테마,1,AC완속,전라남도 목포시 비파로108번길 15테마모텔,24시간 이용가능,126.4251611,34.80850921
용해지구 목포어울림도서관,1,AC완속,전라남도 목포시 용해지구로 31목포어울림도서관(용해동 997-1),09:00~1800,126.3959243,34.81685158
목포 광신프로그레스,1,AC완속,전라남도 목포시 영산로565번길 231~5구역 주차장,24시간 이용가능,126.4179644,34.8156312
백련지구천년가-102동,2,AC완속,"전라남도 목포시 연산백련로1번길 79102동 A 27,34",24시간 이용가능,126.3910859,34.82004563
500호 모텔,2,AC완속,전라남도 목포시 평화로140번길 22전기차 충전소 주차장(옥암동 1092-4),24시간 이용가능,126.4369155,34.80175941
유토피아 가족호텔,1,AC완속,전라남도 목포시 평화로 65-9건물 좌측 벽면 건물계량기함 우측(상동 1145),24시간 이용가능,126.4319558,34.79698106
하당 중흥s클래스 센텀뷰,8,AC완속,전라남도 목포시 비파로 96하당 중흥s클래스 센텀뷰(상동 860),09:00~18:00,126.4252439,34.80676061
남교크레지움에듀파크,1,AC완속,전라남도 목포시 호남로 6(1-1 남교크레지움에듀파크),24시간 이용가능,126.3794953,34.79499897
재단법인전남테크노파크(세라믹산업센터),3,AC완속,전라남도 목포시 대양로 26(1998 전남테크노파크),24시간 이용가능,126.3823855,34.82067295
천지자동차공업사,1,AC완속,전라남도 목포시 남악로58번길 6-4천지자동차공업사,24시간 이용가능,126.4444321,34.80335957
목포 광신프로그레스,2,AC완속,전라남도 목포시 영산로565번길 231~5구역 주차장,24시간 이용가능,126.4179644,34.8156312
목포 렉시호텔,1,AC완속,전라남도 목포시 원형동로 44야외주차장,24시간 이용가능/시설 상황에 따라 이용이 제한될 수 있습니다,126.4330633,34.80006924
골드디움5차아파트,7,AC완속,전라남도 목포시 용해지구로88번길 23골드디움5차아파트(1042 골드디움5차아파트),09:00~18:00,126.394401,34.82066191
옥암골드클래스,8,AC완속,전라남도 목포시 남악1로16번길 10,24시간 이용가능,126.4493718,34.80641226
유한회사 동양종합부품,1,AC완속,전라남도 목포시 녹색로134번길 7주차장,24시간 이용가능,126.4289308,34.81432426
그린카 목포점,2,AC완속,전라남도 목포시 호남동 101,24시간 이용가능,126.3871794,34.79351625
산정현대아파트,5,AC완속,전라남도 목포시 죽산로40번길 24(1710 현대아파트),24시간 이용가능,126.378101,34.81106817
목포 광신프로그레스,8,AC완속,전라남도 목포시 영산로565번길 231~5구역 주차장,24시간 이용가능,126.4179644,34.8156312
광명샤인빌2차,5,AC완속,전라남도 목포시 옥암로 165(713 광명샤인빌2차),24시간 이용가능,126.4222086,34.81296101
목포 렉시호텔,2,AC완속,전라남도 목포시 원형동로 44야외주차장,24시간 이용가능/시설 상황에 따라 이용이 제한될 수 있습니다,126.4330633,34.80006924
백련지구천년가-104동,1,AC완속,"전라남도 목포시 연산백련로1번길 79104동 B 11,12",24시간 이용가능,126.3910859,34.82004563
골드디움5차아파트,6,AC완속,전라남도 목포시 용해지구로88번길 23골드디움5차아파트(1042 골드디움5차아파트),09:00~18:00,126.394401,34.82066191
근화블루빌아파트,5,AC완속,전라남도 목포시 텃골로13번길 32근화블루빌아파트(816-12 근화블루빌아파트),09:00~18:00,126.4197668,34.82007824
목포가족관광호텔,2,AC완속,전라남도 목포시 호남로64번길 28지하주차장 졍면 우측 벽면(대안동 12-1),24시간 이용가능,126.3846468,34.79202104
그린카 목포점,3,AC완속,전라남도 목포시 호남동 101,24시간 이용가능,126.3871794,34.79351625
삼목장례프리드,1,AC완속,전라남도 목포시 청호로220번길 17삼목장례프리드,24시간 이용가능,126.3713292,34.81074495
송광비치타운,4,AC완속,전라남도 목포시 유동로 7(1 송광비취타운),24시간 이용가능,126.3807806,34.78227678
전남 해양대학교 급속충전소(NEWK),11,DC콤보,전라남도 목포시 해양대학로 91(562-84 해양대학교),24시간 이용가능,126.3616175,34.79834341
근화희망타운3차,5,AC완속,전라남도 목포시 산양로 50(75-18 근화희망타운3차아파트),24시간 이용가능,126.4290423,34.83629101
하당프라임아너팰리스/유한회사 프라임디앤씨,1,AC완속,전라남도 목포시 부흥로 69(1002-5 프라임아너팰리스),24시간 이용가능,126.4284202,34.80317995
백련지구천년가-104동,2,AC완속,"전라남도 목포시 연산백련로1번길 79104동 B 11,12",24시간 이용가능,126.3910859,34.82004563
근화블루빌아파트,4,AC완속,전라남도 목포시 텃골로13번길 32근화블루빌아파트(816-12 근화블루빌아파트),09:00~18:00,126.4197668,34.82007824
하당 중흥s클래스 센텀뷰,4,AC완속,전라남도 목포시 비파로 96하당 중흥s클래스 센텀뷰(상동 860),09:00~18:00,126.4252439,34.80676061
청호시장,2,AC완속,전라남도 목포시 석현로 28주차장,24시간 이용가능,126.4246814,34.81544278
삼목장례프리드,2,AC완속,전라남도 목포시 청호로220번길 17삼목장례프리드,24시간 이용가능,126.3713292,34.81074495
테마,2,AC완속,전라남도 목포시 비파로108번길 15테마모텔,24시간 이용가능,126.4251611,34.80850921
연산골드클래스8차,4,AC완속,전라남도 목포시 산정로 308(2044 연산골드클래스8차),24시간 이용가능,126.3837304,34.81393689
옥암골드클래스,6,AC완속,전라남도 목포시 남악1로16번길 10,24시간 이용가능,126.4493718,34.80641226
산정현대아파트,1,AC완속,전라남도 목포시 죽산로40번길 24(1710 현대아파트),24시간 이용가능,126.378101,34.81106817
하당프라임아너팰리스/유한회사 프라임디앤씨,2,AC완속,전라남도 목포시 부흥로 69(1002-5 프라임아너팰리스),24시간 이용가능,126.4284202,34.80317995
몰디브호텔,1,AC완속,전라남도 목포시 옥암로46번길 37옥외주차장 우측 끝(옥암동 1014-5),24시간 이용가능,126.4327162,34.80549003
하당 중흥s클래스 센텀뷰,3,AC완속,전라남도 목포시 비파로 96하당 중흥s클래스 센텀뷰(상동 860),09:00~18:00,126.4252439,34.80676061
광명샤인빌2차,1,AC완속,전라남도 목포시 옥암로 165(713 광명샤인빌2차),24시간 이용가능,126.4222086,34.81296101
루쏘호텔,1,AC완속,전라남도 목포시 장미로 107루쏘호텔,24시간 이용가능,126.4317982,34.80550993
하이텔모텔,1,AC완속,전라남도 목포시 북항로 161하이텔모텔,24시간 이용가능,126.3674504,34.80282074
유달파크맨션,1,AC완속,전라남도 목포시 만세로 19옥외주차장(120 유달파크맨션),24시간 이용가능,126.3806493,34.79603574
골드디움5차아파트,8,AC완속,전라남도 목포시 용해지구로88번길 23골드디움5차아파트(1042 골드디움5차아파트),09:00~18:00,126.394401,34.82066191
나인호텔,1,AC완속,전라남도 목포시 비파로108번길 7호텔 주차장(상동 864-2),24시간 이용가능,126.4242948,34.80806783
샹그리아호텔,2,AC완속,전라남도 목포시 평화로 87(상동 1143-4),24시간 이용가능,126.4340815,34.79743071
한국지엠목포부품대리점,1,AC완속,전라남도 목포시 삼각로43번길 4건물 우측 벽면(상동 826-4),24시간 이용가능,126.4185943,34.80421025
몰디브호텔,2,AC완속,전라남도 목포시 옥암로46번길 37옥외주차장 우측 끝(옥암동 1014-5),24시간 이용가능,126.4327162,34.80549003
한울편안채 101동,2,AC완속,전라남도 목포시 신촌로 27-1한울편안채 101동(산정동 230),09:00~18:00,126.3873223,34.80541615
근화희망타운3차,1,AC완속,전라남도 목포시 산양로 50(75-18 근화희망타운3차아파트),24시간 이용가능,126.4290423,34.83629101
설레임모텔,1,AC완속,전라남도 목포시 비파로 125설레임모텔,24시간 이용가능,126.4223276,34.80891336
한광프라임빌,2,AC완속,전라남도 목포시 영산로692번길 8(493-1 한광프라임빌),24시간 이용가능,126.4226248,34.82644263
근화블루빌아파트,6,AC완속,전라남도 목포시 텃골로13번길 32근화블루빌아파트(816-12 근화블루빌아파트),09:00~18:00,126.4197668,34.82007824
골드디움5차아파트,9,AC완속,전라남도 목포시 용해지구로88번길 23골드디움5차아파트(1042 골드디움5차아파트),09:00~18:00,126.394401,34.82066191
유한회사 동양종합부품,2,AC완속,전라남도 목포시 녹색로134번길 7주차장,24시간 이용가능,126.4289308,34.81432426
아이엠로즈빌 아파트,5,AC완속,전라남도 목포시 영산로 769-6(527 아이엠로즈빌아파트),24시간 이용가능,126.4169242,34.83417019
루쏘호텔,2,AC완속,전라남도 목포시 장미로 107루쏘호텔,24시간 이용가능,126.4317982,34.80550993
호텔 디오션,1,AC완속,전라남도 목포시 신항로276번길 40주차장(달동 1330-49),24시간 이용가능,126.3573499,34.75594359
남교크레지움에듀파크,3,AC완속,전라남도 목포시 호남로 6(1-1 남교크레지움에듀파크),24시간 이용가능,126.3794953,34.79499897
신안인스빌아파트,2,AC완속,전라남도 목포시 삼학로 363(126 신안인스빌아파트),24시간 이용가능,126.4069389,34.80381035
근화그린1차아파트,2,AC완속,전라남도 목포시 산정로 268-3(326-10 근화그린맨션),24시간 이용가능,126.3872046,34.81165402
하당 중흥s클래스 센텀뷰,5,AC완속,전라남도 목포시 비파로 96하당 중흥s클래스 센텀뷰(상동 860),09:00~18:00,126.4252439,34.80676061
골드디움5차아파트,2,AC완속,전라남도 목포시 용해지구로88번길 23골드디움5차아파트(1042 골드디움5차아파트),09:00~18:00,126.394401,34.82066191
기아 하당대리점,1,AC완속,전라남도 목포시 옥암로 53기아 하당대리점(상동 1001-3),09:00~18:00,126.428504,34.80430693
대성종합정비공업사,1,AC완속,전라남도 목포시 고하대로 801대성종합정비공업사,24시간 이용가능,126.3813525,34.8158357
우성아파트,2,AC완속,전라남도 목포시 신흥로 13(886 우성아파트),24시간 이용가능,126.4214449,34.80332391
설레임모텔,2,AC완속,전라남도 목포시 비파로 125설레임모텔,24시간 이용가능,126.4223276,34.80891336
목포무인호텔,1,AC완속,전라남도 목포시 번화로 82목포무인호텔,24시간 이용가능,126.3872561,34.78849307
하당제일1차아파트,1,AC완속,전라남도 목포시 미항로 206하당제일1차아파트(1103 제일아파트),24시간 이용가능,126.4401247,34.7997928
상동주공4단지,2,AC완속,"전라남도 목포시 상동로 644단지(740 상동3,4단지아파트)",24시간 이용가능,126.4100921,34.81694055
남교크레지움에듀파크,2,AC완속,전라남도 목포시 호남로 6(1-1 남교크레지움에듀파크),24시간 이용가능,126.3794953,34.79499897
광명샤인빌2차,2,AC완속,전라남도 목포시 옥암로 165(713 광명샤인빌2차),24시간 이용가능,126.4222086,34.81296101
하당 중흥s클래스 센텀뷰,6,AC완속,전라남도 목포시 비파로 96하당 중흥s클래스 센텀뷰(상동 860),09:00~18:00,126.4252439,34.80676061
골드디움5차아파트,12,AC완속,전라남도 목포시 용해지구로88번길 23골드디움5차아파트(1042 골드디움5차아파트),09:00~18:00,126.394401,34.82066191
타이어나라 목포지점,1,AC완속,전라남도 목포시 영산로 712(석현동 936-3),24시간 이용가능,126.4207922,34.82835065
샤모텔,1,AC완속,전라남도 목포시 미항로 14샤모텔,24시간 이용가능,126.4263642,34.79687144
윈저호텔,1,AC완속,전라남도 목포시 통일대로 16윈저호텔,24시간 이용가능,126.4268386,34.79742747
하당현대아파트,3,AC완속,전라남도 목포시 통일대로37번길 33(1014-1 하당현대아파트),24시간 이용가능,126.4261628,34.80112397
아이엠로즈빌 아파트,1,AC완속,전라남도 목포시 영산로 769-6(527 아이엠로즈빌아파트),24시간 이용가능,126.4169242,34.83417019
근화희망타운3차,2,AC완속,전라남도 목포시 산양로 50(75-18 근화희망타운3차아파트),24시간 이용가능,126.4290423,34.83629101
상동주공4단지,1,AC완속,"전라남도 목포시 상동로 644단지(740 상동3,4단지아파트)",24시간 이용가능,126.4100921,34.81694055
광명샤인빌2차,3,AC완속,전라남도 목포시 옥암로 165(713 광명샤인빌2차),24시간 이용가능,126.4222086,34.81296101
목포라송센트렐카운티1차,3,AC완속,전라남도 목포시 양을로99번길 8(1836 목포라송센트럴카운티),24시간 이용가능,126.3837885,34.80626926
전남 목포시 교육로 51 (저압수용가),1,AC완속,전라남도 목포시 교육로 51전남 목포시 교육로 51 (저압수용가)(상동 893-7),09:00~18:00,126.4205801,34.80173644
골드디움5차아파트,3,AC완속,전라남도 목포시 용해지구로88번길 23골드디움5차아파트(1042 골드디움5차아파트),09:00~18:00,126.394401,34.82066191
하이텔모텔,2,AC완속,전라남도 목포시 북항로 161하이텔모텔,24시간 이용가능,126.3674504,34.80282074
목포 포르모큐브 BF2,1,AC완속,전라남도 목포시 옥암로 95(860-1 쇼핑천국포르모),24시간 이용가능,126.4260367,34.80736905
용해동센트럴팰리체,1,AC완속,전라남도 목포시 송림로 85(1060 센트럴팰리체아파트),24시간 이용가능,126.4067449,34.80582394
송광비치타운,5,AC완속,전라남도 목포시 유동로 7(1 송광비취타운),24시간 이용가능,126.3807806,34.78227678
근화희망타운3차,3,AC완속,전라남도 목포시 산양로 50(75-18 근화희망타운3차아파트),24시간 이용가능,126.4290423,34.83629101
모아엘가에듀파크아파트,1,AC완속,전라남도 목포시 연산백련로1번길 69(목포용해2지구모아엘가 에듀파크),24시간 이용가능,126.3885506,34.81684847
신안비치3차아파트,3,AC완속,전라남도 목포시 고하대로 641-11(1259-3 신안비치3차아파트),24시간 이용가능,126.3671598,34.80644021
하당 중흥s클래스 센텀뷰,9,AC완속,전라남도 목포시 비파로 96하당 중흥s클래스 센텀뷰(상동 860),09:00~18:00,126.4252439,34.80676061
골드디움5차아파트,4,AC완속,전라남도 목포시 용해지구로88번길 23골드디움5차아파트(1042 골드디움5차아파트),09:00~18:00,126.394401,34.82066191
근화블루빌아파트,1,AC완속,전라남도 목포시 텃골로13번길 32근화블루빌아파트(816-12 근화블루빌아파트),09:00~18:00,126.4197668,34.82007824
목포용해금호아파트,4,AC완속,전라남도 목포시 삼학로 331(143-7 금호타운),24시간 이용가능,126.4074002,34.80021033
중앙하이츠,1,AC완속,전라남도 목포시 양을로41번길 42(994-4 중앙하이츠),24시간 이용가능,126.3778759,34.8046432
연산골드클래스8차,5,AC완속,전라남도 목포시 산정로 308(2044 연산골드클래스8차),24시간 이용가능,126.3837304,34.81393689
모아엘가에듀파크아파트,2,AC완속,전라남도 목포시 연산백련로1번길 69(목포용해2지구모아엘가 에듀파크),24시간 이용가능,126.3885506,34.81684847
상동주공4단지,3,AC완속,"전라남도 목포시 상동로 644단지(740 상동3,4단지아파트)",24시간 이용가능,126.4100921,34.81694055
광명샤인빌2차,6,AC완속,전라남도 목포시 옥암로 165(713 광명샤인빌2차),24시간 이용가능,126.4222086,34.81296101
근화밀레니엄,1,AC완속,전라남도 목포시 산정로 268(324-3 근화밀레니엄빌리지),24시간 이용가능,126.3873247,34.81114385
골드디움5차아파트,10,AC완속,전라남도 목포시 용해지구로88번길 23골드디움5차아파트(1042 골드디움5차아파트),09:00~18:00,126.394401,34.82066191
근화블루빌아파트,2,AC완속,전라남도 목포시 텃골로13번길 32근화블루빌아파트(816-12 근화블루빌아파트),09:00~18:00,126.4197668,34.82007824
전남 목포시 신촌로13번길 5 (저압수용가),1,AC완속,전라남도 목포시 신촌로13번길 5전남 목포시 신촌로13번길 5 (저압수용가)(산정동 1040-459),09:00~18:00,126.3886147,34.80621245
모아엘가1차아파트,4,AC완속,전라남도 목포시 남악2로22번길 58(1329 모아엘가),24시간 이용가능,126.4583902,34.80821028
목포하당제일101동,1,AC완속,전라남도 목포시 미항로 206(1103 제일아파트),24시간 이용가능,126.4401247,34.7997928
유달파크맨션,2,AC완속,전라남도 목포시 만세로 19옥외주차장(120 유달파크맨션),24시간 이용가능,126.3806493,34.79603574
상동주공4단지,4,AC완속,"전라남도 목포시 상동로 644단지(740 상동3,4단지아파트)",24시간 이용가능,126.4100921,34.81694055
근화희망타운3차,6,AC완속,전라남도 목포시 산양로 50(75-18 근화희망타운3차아파트),24시간 이용가능,126.4290423,34.83629101
아이엠로즈빌 아파트,2,AC완속,전라남도 목포시 영산로 769-6(527 아이엠로즈빌아파트),24시간 이용가능,126.4169242,34.83417019
국립호남권 생물자원관,1,AC완속,전라남도 목포시 고하도안길 99(달동 1357),24시간 이용가능,126.3662224,34.76615643
하당 중흥s클래스 센텀뷰,1,AC완속,전라남도 목포시 비파로 96하당 중흥s클래스 센텀뷰(상동 860),09:00~18:00,126.4252439,34.80676061
기아 하당대리점,2,AC완속,전라남도 목포시 옥암로 53기아 하당대리점(상동 1001-3),09:00~18:00,126.428504,34.80430693
모아엘가1차아파트,14,AC완속,전라남도 목포시 남악2로22번길 58(1329 모아엘가),24시간 이용가능,126.4583902,34.80821028
신안인스빌아파트,4,AC완속,전라남도 목포시 삼학로 363(126 신안인스빌아파트),24시간 이용가능,126.4069389,34.80381035
한광프라임빌,3,AC완속,전라남도 목포시 영산로692번길 8(493-1 한광프라임빌),24시간 이용가능,126.4226248,34.82644263
산정현대아파트,2,AC완속,전라남도 목포시 죽산로40번길 24(1710 현대아파트),24시간 이용가능,126.378101,34.81106817
아이엠로즈빌 아파트,3,AC완속,전라남도 목포시 영산로 769-6(527 아이엠로즈빌아파트),24시간 이용가능,126.4169242,34.83417019
용해동센트럴팰리체,2,AC완속,전라남도 목포시 송림로 85(1060 센트럴팰리체아파트),24시간 이용가능,126.4067449,34.80582394
목포라인아파트 지상주차장,7,AC완속,전라남도 목포시 원산주택로 25(1751 라인아파트),24시간 이용가능,126.37519,34.8086238
모아엘가1차아파트,24,AC완속,전라남도 목포시 남악2로22번길 58(1329 모아엘가),24시간 이용가능,126.4583902,34.80821028
하당 중흥s클래스 센텀뷰,10,AC완속,전라남도 목포시 비파로 96하당 중흥s클래스 센텀뷰(상동 860),09:00~18:00,126.4252439,34.80676061
티파니에서아침을(enh),1,AC완속,전라남도 목포시 평화로140번길 24구내주차장(옥암동 1092-5),24시간 이용가능,126.4367798,34.80168789
신안인스빌아파트,3,AC완속,전라남도 목포시 삼학로 363(126 신안인스빌아파트),24시간 이용가능,126.4069389,34.80381035
송광비치타운,1,AC완속,전라남도 목포시 유동로 7(1 송광비취타운),24시간 이용가능,126.3807806,34.78227678
용해동센트럴팰리체,3,AC완속,전라남도 목포시 송림로 85(1060 센트럴팰리체아파트),24시간 이용가능,126.4067449,34.80582394
중앙하이츠,2,AC완속,전라남도 목포시 양을로41번길 42(994-4 중앙하이츠),24시간 이용가능,126.3778759,34.8046432
영신그린빌1차 입주자대표회의,3,AC완속,전라남도 목포시 신흥로83번길 2영신그린빌(994 영신그린빌),24시간 이용가능,126.4292507,34.8051539
수창해뜨레아파트,1,AC완속,전라남도 목포시 석현로45번길 19(1177 수창해뜨레),24시간 이용가능,126.425002,34.81895869
하당 중흥s클래스 센텀뷰,11,AC완속,전라남도 목포시 비파로 96하당 중흥s클래스 센텀뷰(상동 860),09:00~18:00,126.4252439,34.80676061
하당현대아파트,5,AC완속,전라남도 목포시 통일대로37번길 33(1014-1 하당현대아파트),24시간 이용가능,126.4261628,34.80112397
근화2차아파트,1,AC완속,전라남도 목포시 산정로 268-1(322 근화타워맨션),24시간 이용가능,126.3877746,34.81154291
하당제일1차아파트,2,AC완속,전라남도 목포시 미항로 206하당제일1차아파트(1103 제일아파트),24시간 이용가능,126.4401247,34.7997928
중앙하이츠,3,AC완속,전라남도 목포시 양을로41번길 42(994-4 중앙하이츠),24시간 이용가능,126.3778759,34.8046432
연산골드클래스8차,1,AC완속,전라남도 목포시 산정로 308(2044 연산골드클래스8차),24시간 이용가능,126.3837304,34.81393689
목포하당제일101동,2,AC완속,전라남도 목포시 미항로 206(1103 제일아파트),24시간 이용가능,126.4401247,34.7997928
모아엘가1차아파트,10,AC완속,전라남도 목포시 남악2로22번길 58(1329 모아엘가),24시간 이용가능,126.4583902,34.80821028
신항만뉴캐슬오션시티2차아파트,9,AC완속,전라남도 목포시 허사로57번길 15(오션시티2차 아파트),24시간 이용가능,126.3613772,34.75593533
하당 중흥s클래스 센텀뷰,7,AC완속,전라남도 목포시 비파로 96하당 중흥s클래스 센텀뷰(상동 860),09:00~18:00,126.4252439,34.80676061
목포라인아파트 지상주차장,2,AC완속,전라남도 목포시 원산주택로 25(1751 라인아파트),24시간 이용가능,126.37519,34.8086238
근화2차아파트,2,AC완속,전라남도 목포시 산정로 268-1(322 근화타워맨션),24시간 이용가능,126.3877746,34.81154291
근화희망타운3차,7,AC완속,전라남도 목포시 산양로 50(75-18 근화희망타운3차아파트),24시간 이용가능,126.4290423,34.83629101
목포라송센트렐카운티1차,1,AC완속,전라남도 목포시 양을로99번길 8(1836 목포라송센트럴카운티),24시간 이용가능,126.3837885,34.80626926
하당현대아파트,4,AC완속,전라남도 목포시 통일대로37번길 33(1014-1 하당현대아파트),24시간 이용가능,126.4261628,34.80112397
우성아파트,3,AC완속,전라남도 목포시 신흥로 13(886 우성아파트),24시간 이용가능,126.4214449,34.80332391
신안인스빌아파트,5,AC완속,전라남도 목포시 삼학로 363(126 신안인스빌아파트),24시간 이용가능,126.4069389,34.80381035
모아엘가1차아파트,20,AC완속,전라남도 목포시 남악2로22번길 58(1329 모아엘가),24시간 이용가능,126.4583902,34.80821028
용해지구천년가맘스카운티아파트,4,AC완속,전라남도 목포시 용해지구로88번길 7(1040 용해지구천년가맘스카운티),24시간 이용가능,126.3921306,34.82062773
광명샤인빌2차,4,AC완속,전라남도 목포시 옥암로 165(713 광명샤인빌2차),24시간 이용가능,126.4222086,34.81296101
목포용해금호아파트,6,AC완속,전라남도 목포시 삼학로 331(143-7 금호타운),24시간 이용가능,126.4074002,34.80021033
근화희망타운3차,8,AC완속,전라남도 목포시 산양로 50(75-18 근화희망타운3차아파트),24시간 이용가능,126.4290423,34.83629101
산정현대아파트,3,AC완속,전라남도 목포시 죽산로40번길 24(1710 현대아파트),24시간 이용가능,126.378101,34.81106817
신안비치3차아파트,1,AC완속,전라남도 목포시 고하대로 641-11(1259-3 신안비치3차아파트),24시간 이용가능,126.3671598,34.80644021
목포 포르모큐브 BF2,2,AC완속,전라남도 목포시 옥암로 95(860-1 쇼핑천국포르모),24시간 이용가능,126.4260367,34.80736905
모아엘가1차아파트,30,AC완속,전라남도 목포시 남악2로22번길 58(1329 모아엘가),24시간 이용가능,126.4583902,34.80821028
하당현대2차,1,AC완속,전라남도 목포시 삼향천로91번길 21(992 하당2차현대아파트),24시간 이용가능,126.429914,34.80694965
골드클래스9차아파트,1,AC완속,전라남도 목포시 연산백련로1번길 111(2022 골드클래스9차아파트),24시간 이용가능,126.3910797,34.82046036
하당우미블루빌3차아파트,7,AC완속,전라남도 목포시 평화로153번길 9(1096 우미블루빌),24시간 이용가능,126.436164,34.80048953
근화희망타운3차,4,AC완속,전라남도 목포시 산양로 50(75-18 근화희망타운3차아파트),24시간 이용가능,126.4290423,34.83629101
산정현대아파트,4,AC완속,전라남도 목포시 죽산로40번길 24(1710 현대아파트),24시간 이용가능,126.378101,34.81106817
목포용해금호아파트,5,AC완속,전라남도 목포시 삼학로 331(143-7 금호타운),24시간 이용가능,126.4074002,34.80021033
송광비치타운,2,AC완속,전라남도 목포시 유동로 7(1 송광비취타운),24시간 이용가능,126.3807806,34.78227678
모아엘가1차아파트,6,AC완속,전라남도 목포시 남악2로22번길 58(1329 모아엘가),24시간 이용가능,126.4583902,34.80821028
신항만뉴캐슬오션시티2차아파트,5,AC완속,전라남도 목포시 허사로57번길 15(오션시티2차 아파트),24시간 이용가능,126.3613772,34.75593533
목포라송센트렐카운티1차,4,AC완속,전라남도 목포시 양을로99번길 8(1836 목포라송센트럴카운티),24시간 이용가능,126.3837885,34.80626926
골드클래스9차아파트,2,AC완속,전라남도 목포시 연산백련로1번길 111(2022 골드클래스9차아파트),24시간 이용가능,126.3910797,34.82046036
하당현대아파트,6,AC완속,전라남도 목포시 통일대로37번길 33(1014-1 하당현대아파트),24시간 이용가능,126.4261628,34.80112397
롯데마트맥스 목포점,1,DC콤보,전라남도 목포시 원형서로 15롯데마트맥스 목포점(1134 롯데마트목포점),10:00 ~ 23:00,126.4294671,34.79724594
모아엘가에듀파크아파트,3,AC완속,전라남도 목포시 연산백련로1번길 69(목포용해2지구모아엘가 에듀파크),24시간 이용가능,126.3885506,34.81684847
송광비치타운,3,AC완속,전라남도 목포시 유동로 7(1 송광비취타운),24시간 이용가능,126.3807806,34.78227678
모아엘가1차아파트,5,AC완속,전라남도 목포시 남악2로22번길 58(1329 모아엘가),24시간 이용가능,126.4583902,34.80821028
연산골드클래스8차,2,AC완속,전라남도 목포시 산정로 308(2044 연산골드클래스8차),24시간 이용가능,126.3837304,34.81393689
신안비치3차아파트,4,AC완속,전라남도 목포시 고하대로 641-11(1259-3 신안비치3차아파트),24시간 이용가능,126.3671598,34.80644021
옥암2차한국아델리움,6,AC완속,전라남도 목포시 옥암로 150(한국아델리움 아파트),24시간 이용가능,126.424193,34.81199931
하당현대아파트,7,AC완속,전라남도 목포시 통일대로37번길 33(1014-1 하당현대아파트),24시간 이용가능,126.4261628,34.80112397
샹그리아호텔,1,AC완속,전라남도 목포시 평화로 87(상동 1143-4),24시간 이용가능,126.4340815,34.79743071
목포라인아파트 지상주차장,4,AC완속,전라남도 목포시 원산주택로 25(1751 라인아파트),24시간 이용가능,126.37519,34.8086238
모아엘가1차아파트,16,AC완속,전라남도 목포시 남악2로22번길 58(1329 모아엘가),24시간 이용가능,126.4583902,34.80821028
우성아파트,4,AC완속,전라남도 목포시 신흥로 13(886 우성아파트),24시간 이용가능,126.4214449,34.80332391
연산골드클래스8차,3,AC완속,전라남도 목포시 산정로 308(2044 연산골드클래스8차),24시간 이용가능,126.3837304,34.81393689
하당우미블루빌3차아파트,3,AC완속,전라남도 목포시 평화로153번길 9(1096 우미블루빌),24시간 이용가능,126.436164,34.80048953
근화밀레니엄,2,AC완속,전라남도 목포시 산정로 268(324-3 근화밀레니엄빌리지),24시간 이용가능,126.3873247,34.81114385
아이엠로즈빌 아파트,4,AC완속,전라남도 목포시 영산로 769-6(527 아이엠로즈빌아파트),24시간 이용가능,126.4169242,34.83417019
목포용해금호아파트,7,AC완속,전라남도 목포시 삼학로 331(143-7 금호타운),24시간 이용가능,126.4074002,34.80021033
목포라인아파트 지상주차장,5,AC완속,전라남도 목포시 원산주택로 25(1751 라인아파트),24시간 이용가능,126.37519,34.8086238
모아엘가1차아파트,15,AC완속,전라남도 목포시 남악2로22번길 58(1329 모아엘가),24시간 이용가능,126.4583902,34.80821028
목포 궁무인호텔,1,AC완속,전라남도 목포시 신항로276번길 42목포 궁무인호텔(달동 1330-47),24시간 이용가능,126.3571827,34.7561891
하당현대2차,2,AC완속,전라남도 목포시 삼향천로91번길 21(992 하당2차현대아파트),24시간 이용가능,126.429914,34.80694965
우성아파트,5,AC완속,전라남도 목포시 신흥로 13(886 우성아파트),24시간 이용가능,126.4214449,34.80332391
근화희망타운2차아파트,1,AC완속,전라남도 목포시 산양로 40(75-1 근화희망타운아파트),24시간 이용가능,126.4273527,34.83640868
모아엘가1차아파트,26,AC완속,전라남도 목포시 남악2로22번길 58(1329 모아엘가),24시간 이용가능,126.4583902,34.80821028
영신그린빌1차 입주자대표회의,1,AC완속,전라남도 목포시 신흥로83번길 2영신그린빌(994 영신그린빌),24시간 이용가능,126.4292507,34.8051539
롯데마트맥스 목포점,7,DC콤보,전라남도 목포시 원형서로 15롯데마트맥스 목포점(1134 롯데마트목포점),10:00 ~ 23:00,126.4294671,34.79724594
목포라송센트렐카운티1차,5,AC완속,전라남도 목포시 양을로99번길 8(1836 목포라송센트럴카운티),24시간 이용가능,126.3837885,34.80626926
우성아파트,1,AC완속,전라남도 목포시 신흥로 13(886 우성아파트),24시간 이용가능,126.4214449,34.80332391
한광프라임빌,1,AC완속,전라남도 목포시 영산로692번길 8(493-1 한광프라임빌),24시간 이용가능,126.4226248,34.82644263
목포용해금호아파트,1,AC완속,전라남도 목포시 삼학로 331(143-7 금호타운),24시간 이용가능,126.4074002,34.80021033
모아엘가1차아파트,7,AC완속,전라남도 목포시 남악2로22번길 58(1329 모아엘가),24시간 이용가능,126.4583902,34.80821028
신항만뉴캐슬오션시티2차아파트,1,AC완속,전라남도 목포시 허사로57번길 15(오션시티2차 아파트),24시간 이용가능,126.3613772,34.75593533
신안비치3차아파트,5,AC완속,전라남도 목포시 고하대로 641-11(1259-3 신안비치3차아파트),24시간 이용가능,126.3671598,34.80644021
중앙하이츠,4,AC완속,전라남도 목포시 양을로41번길 42(994-4 중앙하이츠),24시간 이용가능,126.3778759,34.8046432
신안인스빌아파트,1,AC완속,전라남도 목포시 삼학로 363(126 신안인스빌아파트),24시간 이용가능,126.4069389,34.80381035
모아엘가1차아파트,25,AC완속,전라남도 목포시 남악2로22번길 58(1329 모아엘가),24시간 이용가능,126.4583902,34.80821028
하당현대아파트,1,AC완속,전라남도 목포시 통일대로37번길 33(1014-1 하당현대아파트),24시간 이용가능,126.4261628,34.80112397
옥암2차한국아델리움,2,AC완속,전라남도 목포시 옥암로 150(한국아델리움 아파트),24시간 이용가능,126.424193,34.81199931
목포라송센트렐카운티1차,2,AC완속,전라남도 목포시 양을로99번길 8(1836 목포라송센트럴카운티),24시간 이용가능,126.3837885,34.80626926
신안비치3차아파트,6,AC완속,전라남도 목포시 고하대로 641-11(1259-3 신안비치3차아파트),24시간 이용가능,126.3671598,34.80644021
모아엘가1차아파트,8,AC완속,전라남도 목포시 남악2로22번길 58(1329 모아엘가),24시간 이용가능,126.4583902,34.80821028
수창해뜨레아파트,2,AC완속,전라남도 목포시 석현로45번길 19(1177 수창해뜨레),24시간 이용가능,126.425002,34.81895869
근화희망타운2차아파트,2,AC완속,전라남도 목포시 산양로 40(75-1 근화희망타운아파트),24시간 이용가능,126.4273527,34.83640868
용해지구천년가맘스카운티아파트,6,AC완속,전라남도 목포시 용해지구로88번길 7(1040 용해지구천년가맘스카운티),24시간 이용가능,126.3921306,34.82062773
하당현대아파트,2,AC완속,전라남도 목포시 통일대로37번길 33(1014-1 하당현대아파트),24시간 이용가능,126.4261628,34.80112397
신안비치3차아파트,2,AC완속,전라남도 목포시 고하대로 641-11(1259-3 신안비치3차아파트),24시간 이용가능,126.3671598,34.80644021
모아엘가1차아파트,1,AC완속,전라남도 목포시 남악2로22번길 58(1329 모아엘가),24시간 이용가능,126.4583902,34.80821028
옥암2차한국아델리움,1,AC완속,전라남도 목포시 옥암로 150(한국아델리움 아파트),24시간 이용가능,126.424193,34.81199931
목포용해금호아파트,2,AC완속,전라남도 목포시 삼학로 331(143-7 금호타운),24시간 이용가능,126.4074002,34.80021033
하당우미블루빌3차아파트,9,AC완속,전라남도 목포시 평화로153번길 9(1096 우미블루빌),24시간 이용가능,126.436164,34.80048953
모아엘가1차아파트,17,AC완속,전라남도 목포시 남악2로22번길 58(1329 모아엘가),24시간 이용가능,126.4583902,34.80821028
근화희망타운2차아파트,3,AC완속,전라남도 목포시 산양로 40(75-1 근화희망타운아파트),24시간 이용가능,126.4273527,34.83640868
골드클래스9차아파트,3,AC완속,전라남도 목포시 연산백련로1번길 111(2022 골드클래스9차아파트),24시간 이용가능,126.3910797,34.82046036
용해지구천년가맘스카운티아파트,5,AC완속,전라남도 목포시 용해지구로88번길 7(1040 용해지구천년가맘스카운티),24시간 이용가능,126.3921306,34.82062773
롯데마트맥스 목포점,3,DC콤보,전라남도 목포시 원형서로 15롯데마트맥스 목포점(1134 롯데마트목포점),10:00 ~ 23:00,126.4294671,34.79724594
모아엘가1차아파트,18,AC완속,전라남도 목포시 남악2로22번길 58(1329 모아엘가),24시간 이용가능,126.4583902,34.80821028
목포용해금호아파트,3,AC완속,전라남도 목포시 삼학로 331(143-7 금호타운),24시간 이용가능,126.4074002,34.80021033
하당현대아파트,8,AC완속,전라남도 목포시 통일대로37번길 33(1014-1 하당현대아파트),24시간 이용가능,126.4261628,34.80112397
하당우미블루빌3차아파트,8,AC완속,전라남도 목포시 평화로153번길 9(1096 우미블루빌),24시간 이용가능,126.436164,34.80048953
모아엘가1차아파트,11,AC완속,전라남도 목포시 남악2로22번길 58(1329 모아엘가),24시간 이용가능,126.4583902,34.80821028
목포라인아파트 지상주차장,6,AC완속,전라남도 목포시 원산주택로 25(1751 라인아파트),24시간 이용가능,126.37519,34.8086238
롯데마트맥스 목포점,2,DC콤보,전라남도 목포시 원형서로 15롯데마트맥스 목포점(1134 롯데마트목포점),10:00 ~ 23:00,126.4294671,34.79724594
모아엘가1차아파트,2,AC완속,전라남도 목포시 남악2로22번길 58(1329 모아엘가),24시간 이용가능,126.4583902,34.80821028
영신그린빌1차 입주자대표회의,2,AC완속,전라남도 목포시 신흥로83번길 2영신그린빌(994 영신그린빌),24시간 이용가능,126.4292507,34.8051539
모아엘가1차아파트,27,AC완속,전라남도 목포시 남악2로22번길 58(1329 모아엘가),24시간 이용가능,126.4583902,34.80821028
모아엘가1차아파트,28,AC완속,전라남도 목포시 남악2로22번길 58(1329 모아엘가),24시간 이용가능,126.4583902,34.80821028
신항만뉴캐슬오션시티2차아파트,2,AC완속,전라남도 목포시 허사로57번길 15(오션시티2차 아파트),24시간 이용가능,126.3613772,34.75593533
모아엘가1차아파트,3,AC완속,전라남도 목포시 남악2로22번길 58(1329 모아엘가),24시간 이용가능,126.4583902,34.80821028
신항만뉴캐슬오션시티2차아파트,3,AC완속,전라남도 목포시 허사로57번길 15(오션시티2차 아파트),24시간 이용가능,126.3613772,34.75593533
옥암2차한국아델리움,3,AC완속,전라남도 목포시 옥암로 150(한국아델리움 아파트),24시간 이용가능,126.424193,34.81199931
모아엘가1차아파트,21,AC완속,전라남도 목포시 남악2로22번길 58(1329 모아엘가),24시간 이용가능,126.4583902,34.80821028
옥암2차한국아델리움,4,AC완속,전라남도 목포시 옥암로 150(한국아델리움 아파트),24시간 이용가능,126.424193,34.81199931
용해지구천년가맘스카운티아파트,7,AC완속,전라남도 목포시 용해지구로88번길 7(1040 용해지구천년가맘스카운티),24시간 이용가능,126.3921306,34.82062773
모아엘가1차아파트,12,AC완속,전라남도 목포시 남악2로22번길 58(1329 모아엘가),24시간 이용가능,126.4583902,34.80821028
하당우미블루빌3차아파트,1,AC완속,전라남도 목포시 평화로153번길 9(1096 우미블루빌),24시간 이용가능,126.436164,34.80048953
모아엘가1차아파트,9,AC완속,전라남도 목포시 남악2로22번길 58(1329 모아엘가),24시간 이용가능,126.4583902,34.80821028
하당우미블루빌3차아파트,10,AC완속,전라남도 목포시 평화로153번길 9(1096 우미블루빌),24시간 이용가능,126.436164,34.80048953
삼창골프연습장,1,AC완속,전라남도 목포시 대양로109번길 53삼창골프연습장(연산동 614-96),24시간 이용가능,126.3951359,34.82565956
모아엘가1차아파트,13,AC완속,전라남도 목포시 남악2로22번길 58(1329 모아엘가),24시간 이용가능,126.4583902,34.80821028
롯데마트맥스 목포점,4,DC콤보,전라남도 목포시 원형서로 15롯데마트맥스 목포점(1134 롯데마트목포점),10:00 ~ 23:00,126.4294671,34.79724594
모아엘가1차아파트,31,AC완속,전라남도 목포시 남악2로22번길 58(1329 모아엘가),24시간 이용가능,126.4583902,34.80821028
롯데마트맥스 목포점,5,DC콤보,전라남도 목포시 원형서로 15롯데마트맥스 목포점(1134 롯데마트목포점),10:00 ~ 23:00,126.4294671,34.79724594
신항만뉴캐슬오션시티2차아파트,6,AC완속,전라남도 목포시 허사로57번길 15(오션시티2차 아파트),24시간 이용가능,126.3613772,34.75593533
모아엘가1차아파트,22,AC완속,전라남도 목포시 남악2로22번길 58(1329 모아엘가),24시간 이용가능,126.4583902,34.80821028
모아엘가1차아파트,19,AC완속,전라남도 목포시 남악2로22번길 58(1329 모아엘가),24시간 이용가능,126.4583902,34.80821028
용해지구천년가맘스카운티아파트,1,AC완속,전라남도 목포시 용해지구로88번길 7(1040 용해지구천년가맘스카운티),24시간 이용가능,126.3921306,34.82062773
모아엘가1차아파트,23,AC완속,전라남도 목포시 남악2로22번길 58(1329 모아엘가),24시간 이용가능,126.4583902,34.80821028
하당우미블루빌3차아파트,4,AC완속,전라남도 목포시 평화로153번길 9(1096 우미블루빌),24시간 이용가능,126.436164,34.80048953
모아엘가1차아파트,32,AC완속,전라남도 목포시 남악2로22번길 58(1329 모아엘가),24시간 이용가능,126.4583902,34.80821028
목포 궁무인호텔,2,AC완속,전라남도 목포시 신항로276번길 42목포 궁무인호텔(달동 1330-47),24시간 이용가능,126.3571827,34.7561891
신항만뉴캐슬오션시티2차아파트,7,AC완속,전라남도 목포시 허사로57번길 15(오션시티2차 아파트),24시간 이용가능,126.3613772,34.75593533
모아엘가1차아파트,29,AC완속,전라남도 목포시 남악2로22번길 58(1329 모아엘가),24시간 이용가능,126.4583902,34.80821028
롯데마트맥스 목포점,8,DC콤보,전라남도 목포시 원형서로 15롯데마트맥스 목포점(1134 롯데마트목포점),10:00 ~ 23:00,126.4294671,34.79724594
모아엘가1차아파트,33,AC완속,전라남도 목포시 남악2로22번길 58(1329 모아엘가),24시간 이용가능,126.4583902,34.80821028
신항만뉴캐슬오션시티2차아파트,4,AC완속,전라남도 목포시 허사로57번길 15(오션시티2차 아파트),24시간 이용가능,126.3613772,34.75593533
용해지구천년가맘스카운티아파트,2,AC완속,전라남도 목포시 용해지구로88번길 7(1040 용해지구천년가맘스카운티),24시간 이용가능,126.3921306,34.82062773
신항만뉴캐슬오션시티2차아파트,8,AC완속,전라남도 목포시 허사로57번길 15(오션시티2차 아파트),24시간 이용가능,126.3613772,34.75593533
옥암2차한국아델리움,5,AC완속,전라남도 목포시 옥암로 150(한국아델리움 아파트),24시간 이용가능,126.424193,34.81199931
하당우미블루빌3차아파트,5,AC완속,전라남도 목포시 평화로153번길 9(1096 우미블루빌),24시간 이용가능,126.436164,34.80048953
하당우미블루빌3차아파트,2,AC완속,전라남도 목포시 평화로153번길 9(1096 우미블루빌),24시간 이용가능,126.436164,34.80048953
목포 에이치에비뉴호텔 평화광장점,1,AC완속,전라남도 목포시 비파로116번길 6(상동 859),24시간 이용가능,126.4237856,34.80827342
용해지구천년가맘스카운티아파트,3,AC완속,전라남도 목포시 용해지구로88번길 7(1040 용해지구천년가맘스카운티),24시간 이용가능,126.3921306,34.82062773
하당우미블루빌3차아파트,6,AC완속,전라남도 목포시 평화로153번길 9(1096 우미블루빌),24시간 이용가능,126.436164,34.80048953
롯데마트맥스 목포점,9,DC콤보,전라남도 목포시 원형서로 15롯데마트맥스 목포점(1134 롯데마트목포점),10:00 ~ 23:00,126.4294671,34.79724594
워시존,1,AC완속,전라남도 목포시 대양로 97워시존(연산동 580-12),24시간 이용가능,126.3896178,34.821438
목포 호텔몬다비,1,AC완속,전라남도 목포시 수강로4번길 33(축복동2가 4-5),24시간 이용가능,126.3882,34.78776138
롯데마트맥스 목포점,6,DC콤보,전라남도 목포시 원형서로 15롯데마트맥스 목포점(1134 롯데마트목포점),10:00 ~ 23:00,126.4294671,34.79724594
롯데칠성음료 목포영업소,1,AC완속,전라남도 목포시 석현로 29롯데칠성음료 목포영업소(롯데칠성음료(주) 목포지점),24시간 이용가능,126.4239293,34.81723324
