field1,field2,field3,field4,field5,_GC_TYPE,_CLEANADDR,_X,_Y
국립호남권생물자원관,91,DC콤보,전라남도 목포시 고하도안길 99(달동 1357),08:00 ~ 19:00,정,전라남도 목포시 고하도안길 99 (달동),126.36622238349979,34.76615642806916
만호동행정복지센터,1,DC콤보,전라남도 목포시 수강로12번길 24,24시간 이용가능,정,전라남도 목포시 수강로12번길 24 (보광동2가),126.38722370725257,34.78729168373834
동명동행정복지센터,1,DC콤보,전라남도 목포시 자유로20번길 27,24시간 이용가능,정,전라남도 목포시 자유로20번길 27 (동명동),126.39201589568039,34.79095849891624
롯데마트 목포점,1,DC차데모+AC3상+DC콤보,전라남도 목포시 원형서로 15 롯데마트목포점,24시간 이용가능,정,전라남도 목포시 원형서로 15 (상동),126.42946714625488,34.79724593558004
남교공영주차장,1,DC콤보,전라남도 목포시 남교동 57,24시간 이용가능,정,전라남도 목포시 남교동 57,126.38054451585104,34.7941188354121
목포벤처문화산업지원센터주차장,1,DC콤보,전라남도 목포시 석현동 1175,24시간 이용가능,정,전라남도 목포시 석현동 1175,126.42608934906954,34.816235238747694
목포시종합관광안내소,1,DC차데모+AC3상+DC콤보,전라남도 목포시 영산로 843(대양동 276),24시간 이용가능,정,전라남도 목포시 영산로 843 (대양동),126.42222669113903,34.83827048728577
목포해양경찰서,21,DC콤보,전라남도 목포시 청호로 231,09:00 ~ 18:00,정,전라남도 목포시 청호로 231 (산정동),126.36816929673346,34.81028547722551
국립호남권생물자원관,92,DC콤보,전라남도 목포시 고하도안길 99(달동 1357),08:00 ~ 19:00,정,전라남도 목포시 고하도안길 99 (달동),126.36622238349979,34.76615642806916
이로시장공영주차장,1,DC콤보,전라남도 목포시 용당동 993-2,24시간 이용가능,정,전라남도 목포시 용당동 993-2,126.40388312062143,34.80512413951057
서해지방해양경찰청,21,DC콤보,전라남도 목포시 남악로162번길25,24시간 이용가능,정,전라남도 목포시 남악로162번길 25 (옥암동),126.45727294360253,34.80404287307891
롯데마트 목포점,2,DC차데모+AC3상+DC콤보,전라남도 목포시 원형서로 15 롯데마트목포점,24시간 이용가능,정,전라남도 목포시 원형서로 15 (상동),126.42946714625488,34.79724593558004
비파공영주차장,1,DC콤보,전라남도 목포시 상동 32,24시간 이용가능,정,전라남도 목포시 상동 32,126.42024796610345,34.80742727889374
자유시장 공영주차장,1,DC콤보,전라남도 목포시 용당로 58,24시간 이용가능,정,전라남도 목포시 용당로 58 (산정동),126.40261581394435,34.79275968383015
평화광장 공영1주차장,1,DC콤보,전라남도 목포시 옥암동 1100,24시간 이용가능,정,전라남도 목포시 옥암동 1100,126.43813064246427,34.7984986222518
목포해양경찰서,22,DC콤보,전라남도 목포시 청호로 231,09:00 ~ 18:00,정,전라남도 목포시 청호로 231 (산정동),126.36816929673346,34.81028547722551
보리마당 주차장,1,DC콤보,전라남도 목포시 해안로127번길 7,24시간 이용가능,정,전라남도 목포시 해안로127번길 7 (금화동),126.3773708979309,34.78137612200016
국립해양 문화재연구소,1,DC콤보,전라남도 목포시 남농로 136(용해동 8),24시간 이용가능,정,전라남도 목포시 남농로 136 (용해동),126.42166049972646,34.79180276954295
서해지방해양경찰청,22,DC콤보,전라남도 목포시 남악로162번길25,24시간 이용가능,정,전라남도 목포시 남악로162번길 25 (옥암동),126.45727294360253,34.80404287307891
고하도 해상케이블카,1,DC콤보,전라남도 목포시 고하도안길 185,24시간 이용가능,정,전라남도 목포시 고하도안길 185 (달동),126.36008673823844,34.773828637845156
유달산공원유료주차장,1,DC콤보,전라남도 목포시 측후동 4,24시간 이용가능,정,전라남도 목포시 측후동 4,126.38182857831738,34.78884097591495
골드클래스7차아파트,1,DC차데모+AC3상+DC콤보,전라남도 목포시 연산동 1925,정보없음,정,전라남도 목포시 연산동 1925,126.39127357022218,34.81839178677541
평화광장 공영1주차장,2,DC콤보,전라남도 목포시 옥암동 1100,24시간 이용가능,정,전라남도 목포시 옥암동 1100,126.43813064246427,34.7984986222518
국민건강보험공단,1,DC콤보,전라남도 목포시 삼향천로 171(목포지사 사옥),24시간 이용가능,정,전라남도 목포시 삼향천로 171 (석현동),126.42702905208996,34.81461408500941
근화옥암베아채,1,DC차데모+AC3상+DC콤보,전라남도 목포시 남악1로52번길 83(1246 근화옥암베아채),24시간 이용가능,정,전라남도 목포시 남악1로52번길 83 (옥암동),126.45233262633575,34.812171823619
KD빌리앙뜨,1,DC차데모+AC3상+DC콤보,전라남도 목포시 석현동 옥암로 174,정보없음,정,전라남도 목포시 옥암로 174 (석현동),126.42367348825294,34.81433557323041
녹색에너지연구원,1,DC콤보,전라남도 목포시 삼향천로 177(석현동 1175-4),24시간 이용가능,정,전라남도 목포시 삼향천로 177 (석현동),126.42683829171192,34.81537074586156
꿈동산 신안2차아파트,1,DC차데모+AC3상+DC콤보,전라남도 목포시 상동 1019,정보없음,정,전라남도 목포시 상동 1019,126.42478721916603,34.79851732516852
골드클래스7차아파트,2,AC완속,전라남도 목포시 연산동 1925,정보없음,정,전라남도 목포시 연산동 1925,126.39127357022218,34.81839178677541
대성사랑으로,1,DC차데모+AC3상+DC콤보,전라남도 목포시 석현동 영산로 610,정보없음,정,전라남도 목포시 영산로 610 (석현동),126.42189458823238,34.819541657090234
근화옥암베아채,2,AC완속,전라남도 목포시 남악1로52번길 83(1246 근화옥암베아채),24시간 이용가능,정,전라남도 목포시 남악1로52번길 83 (옥암동),126.45233262633575,34.812171823619
동부시장공영주차장,1,DC차데모+AC3상+DC콤보,전라남도 목포시 영산로 257번길 15(동부시장 옆),정보없음,정,전라남도 목포시 영산로257번길 15 (용당동),126.39345622097886,34.80460824016132
KD빌리앙뜨,2,AC완속,전라남도 목포시 석현동 옥암로 174,정보없음,정,전라남도 목포시 옥암로 174 (석현동),126.42367348825294,34.81433557323041
목포옥암부영애시앙2차 아파트,3,AC완속,전라남도 목포시 옥암동 당가두로13번길 9,정보없음,정,전라남도 목포시 당가두로13번길 9 (옥암동),126.43538885305807,34.80933672954289
목포농협 하나로마트,2,DC차데모+AC3상+DC콤보,전라남도 목포시 영산로659,정보없음,정,전라남도 목포시 영산로 659 (석현동),126.42217853137203,34.824050041185664
꿈동산 신안2차아파트,2,AC완속,전라남도 목포시 상동 1019,정보없음,정,전라남도 목포시 상동 1019,126.42478721916603,34.79851732516852
골드클래스7차아파트,3,AC완속,전라남도 목포시 연산동 1925,정보없음,정,전라남도 목포시 연산동 1925,126.39127357022218,34.81839178677541
근화옥암베아채,3,AC완속,전라남도 목포시 남악1로52번길 83(1246 근화옥암베아채),24시간 이용가능,정,전라남도 목포시 남악1로52번길 83 (옥암동),126.45233262633575,34.812171823619
목포국제축구센터,1,DC콤보,전라남도 목포시 내화마을길 89(950-4 목포국제축구센터),24시간 이용가능,정,전라남도 목포시 내화마을길 89 (대양동),126.3947700298701,34.83049301430399
목포유통센터,1,DC차데모+AC3상+DC콤보,전라남도 목포시 선곡로 33,정보없음,정,전라남도 목포시 선곡로 33 (석현동),126.42822677000407,34.818542597753854
부주동 행정복지센터,1,DC차데모+AC3상+DC콤보,전라남도 목포시 남악1로 51번가길 2(옥암동),정보없음,정,전라남도 목포시 남악1로 51 (옥암동),126.44537491151512,34.80876363394015
목포옥암부영애시앙2차 아파트,4,AC완속,전라남도 목포시 옥암동 당가두로13번길 9,정보없음,정,전라남도 목포시 당가두로13번길 9 (옥암동),126.43538885305807,34.80933672954289
목포지사,3,AC완속,전라남도 목포시 삼학로 370,주중/주말 : 06시~23시,정,전라남도 목포시 삼학로 370 (용해동),126.40948147681574,34.803285820227664
꿈동산 신안2차아파트,3,AC완속,전라남도 목포시 상동 1019,정보없음,정,전라남도 목포시 상동 1019,126.42478721916603,34.79851732516852
목포생활환경관리센터,1,DC콤보,전라남도 목포시 대양동 산94-5,24시간 이용가능,정,전라남도 목포시 대양동 산 94-5,126.40894994782099,34.83497027843324
근화옥암베아채,4,AC완속,전라남도 목포시 남악1로52번길 83(1246 근화옥암베아채),24시간 이용가능,정,전라남도 목포시 남악1로52번길 83 (옥암동),126.45233262633575,34.812171823619
목포국제축구센터,2,DC콤보,전라남도 목포시 내화마을길 89(950-4 목포국제축구센터),24시간 이용가능,정,전라남도 목포시 내화마을길 89 (대양동),126.3947700298701,34.83049301430399
목포유통센터,2,DC차데모+AC3상+DC콤보,전라남도 목포시 선곡로 33,정보없음,정,전라남도 목포시 선곡로 33 (석현동),126.42822677000407,34.818542597753854
북항광장 공영주차장,1,DC차데모+AC3상+DC콤보,전라남도 목포시 죽교동 620-20,정보없음,정,전라남도 목포시 죽교동 620-20,126.36857534043942,34.80256655854039
북항 해상케이블카,1,DC콤보,전라남도 목포시 해양대학로 240북항 해상케이블카,24시간 이용가능,정,전라남도 목포시 해양대학로 240 (죽교동),126.37002508497811,34.79940464006921
에메랄드퀸 주상복합아파트,2,AC완속,전라남도 목포시 상동 1139-7,정보없음,정,전라남도 목포시 상동 1139-7,126.43370455869184,34.79795624343999
신안실크밸리7차,2,AC완속,전라남도 목포시 죽교동 704,정보없음,정,전라남도 목포시 죽교동 704,126.36657705229473,34.805261281503455
목포시청 민원주차장,1,DC차데모+AC3상+DC콤보,전라남도 목포시 양을로 203목포시청 뒷편,06~23시,정,전라남도 목포시 양을로 203 (용당동),126.39285589776756,34.811976091069255
꿈동산 신안2차아파트,4,AC완속,전라남도 목포시 상동 1019,정보없음,정,전라남도 목포시 상동 1019,126.42478721916603,34.79851732516852
목포농협 하나로마트,1,DC차데모+AC3상+DC콤보,전라남도 목포시 영산로659,정보없음,정,전라남도 목포시 영산로 659 (석현동),126.42217853137203,34.824050041185664
목포지사,4,AC완속,전라남도 목포시 삼학로 370,주중/주말 : 06시~23시,정,전라남도 목포시 삼학로 370 (용해동),126.40948147681574,34.803285820227664
상동 우성 아파트,1,DC차데모+AC3상+DC콤보,전라남도 목포시 상동 신흥로 13,정보없음,정,전라남도 목포시 신흥로 13 (상동),126.42144487128706,34.80332391409266
에메랄드퀸 주상복합아파트,4,AC완속,전라남도 목포시 상동 1139-7,정보없음,정,전라남도 목포시 상동 1139-7,126.43370455869184,34.79795624343999
우방아이유쉘아파트,2,AC완속,전라남도 목포시 옥암동 1397,정보없음,정,전라남도 목포시 옥암동 1397,126.42571368962582,34.81277660405435
옥암한국아델리움,2,AC완속,전라남도 목포시 옥암동 남악1로 15,24시간,정,전라남도 목포시 남악1로 15 (옥암동),126.44514527528796,34.805473073675834
목포옥암부영애시앙2차 아파트,2,AC완속,전라남도 목포시 옥암동 당가두로13번길 9,정보없음,정,전라남도 목포시 당가두로13번길 9 (옥암동),126.43538885305807,34.80933672954289
목포지사,1,DC차데모+AC3상+DC콤보,전라남도 목포시 삼학로 370,주중/주말 : 06시~23시,정,전라남도 목포시 삼학로 370 (용해동),126.40948147681574,34.803285820227664
에메랄드퀸 주상복합아파트,3,AC완속,전라남도 목포시 상동 1139-7,정보없음,정,전라남도 목포시 상동 1139-7,126.43370455869184,34.79795624343999
신안실크밸리7차,3,AC완속,전라남도 목포시 죽교동 704,정보없음,정,전라남도 목포시 죽교동 704,126.36657705229473,34.805261281503455
원형1공영주차장,1,DC차데모+AC3상+DC콤보,전라남도 목포시 상동 1133(롯데마트옆),24시간 이용가능,정,전라남도 목포시 상동 1133,126.43027065974762,34.79806396576504
제일6단지풍경채아파트,1,AC완속,전라남도 목포시 옥암동 915-26,정보없음,정,전라남도 목포시 옥암동 915-26,126.42405083707686,34.81276111669655
이마트 목포점,2,DC차데모+AC3상+DC콤보,전라남도 목포시 옥암로 138,정보없음,정,전라남도 목포시 옥암로 138 (옥암동),126.42521024506333,34.81162777849872
목포지사,5,AC완속,전라남도 목포시 삼학로 370,주중/주말 : 06시~23시,정,전라남도 목포시 삼학로 370 (용해동),126.40948147681574,34.803285820227664
상동현대아파트,1,DC차데모+AC3상+DC콤보,전라남도 목포시 상동 764,정보없음,정,전라남도 목포시 상동 764,126.41404215272395,34.8117218216177
에메랄드퀸 주상복합아파트,5,AC완속,전라남도 목포시 상동 1139-7,정보없음,정,전라남도 목포시 상동 1139-7,126.43370455869184,34.79795624343999
우진아트빌아파트,1,AC완속,전라남도 목포시 석현동 816-17,정보없음,정,전라남도 목포시 석현동 816-17,126.42040185475253,34.818979267365265
옥암한국아델리움,3,AC완속,전라남도 목포시 옥암동 남악1로 15,24시간,정,전라남도 목포시 남악1로 15 (옥암동),126.44514527528796,34.805473073675834
홈플러스 목포점,1,DC차데모+AC3상+DC콤보,전라남도 목포시 영산로 313 (영산로 313),정보없음,정,전라남도 목포시 영산로 313 (용당동),126.39963699960165,34.80594021493051
천년나무아파트,1,DC차데모+AC3상+DC콤보,전라남도 목포시 대성동 양을로 42,정보없음,정,전라남도 목포시 양을로 42 (대성동),126.38164388467119,34.79980322611045
코아루천년가 아파트,2,AC완속,전라남도 목포시 옥암동 남악1로16번길 43-14,24시간,정,전라남도 목포시 남악1로16번길 43-14 (옥암동),126.45237894739371,34.80764829583275
목포지사,2,DC차데모+AC3상+DC콤보,전라남도 목포시 삼학로 370,주중/주말 : 06시~23시,정,전라남도 목포시 삼학로 370 (용해동),126.40948147681574,34.803285820227664
신흥동 주민센터,1,DC차데모+AC3상+DC콤보,전라남도 목포시 하당로 66(상동),정보없음,정,전라남도 목포시 하당로 66 (상동),126.41882462957413,34.79884257135131
연산주공5단지아파트,1,DC차데모+AC3상+DC콤보,전라남도 목포시 연산동 1261,정보없음,정,전라남도 목포시 연산동 1261,126.38188300681307,34.81377946121474
원형2공영주차장,1,DC차데모+AC3상+DC콤보,전라남도 목포시 원형로 42,24시간 이용가능,정,전라남도 목포시 원형로 42 (상동),126.43239460032092,34.79923108808109
제일6단지풍경채아파트,2,AC완속,전라남도 목포시 옥암동 915-26,정보없음,정,전라남도 목포시 옥암동 915-26,126.42405083707686,34.81276111669655
스위트모텔,2,AC완속,전라남도 목포시 해양대학로251번길 4-2주차장,24시간 이용가능,정,전라남도 목포시 해양대학로251번길 4-2 (죽교동),126.36968776619342,34.80132485942604
그리스호텔,2,AC완속,전라남도 목포시 비파로116번길 14주차장,24시간 이용가능,정,전라남도 목포시 비파로116번길 14 (상동),126.42458728440336,34.80866554533026
자동차등록사무소,1,DC차데모+AC3상+DC콤보,전라남도 목포시 연산로 191(연산동)자동차 등록사무소 입구,06~23시,정,전라남도 목포시 연산로 191 (연산동),126.37713747056615,34.812992549881095
목포지사,6,AC완속,전라남도 목포시 삼학로 370,주중/주말 : 06시~23시,정,전라남도 목포시 삼학로 370 (용해동),126.40948147681574,34.803285820227664
미르치과병원,1,AC완속,전라남도 목포시 백년대로 319(상동),24시간 이용가능,정,전라남도 목포시 백년대로 319 (상동),126.42219519356385,34.805141210303255
신안실크밸리7차,1,AC완속,전라남도 목포시 죽교동 704,정보없음,정,전라남도 목포시 죽교동 704,126.36657705229473,34.805261281503455
근화블루빌아파트,3,AC완속,"전라남도 목포시 텃골로13번길 32 (석현동, 근화블루빌아파트) 상가동(816-12 (근화블루빌아파트))",정보없음,정,전라남도 목포시 텃골로13번길 32 (석현동),126.41976681016307,34.82007823937096
유달동 주민센터,1,DC콤보,전라남도 목포시 유동로 19,24시간 이용가능,정,전라남도 목포시 유동로 19 (서산동),126.38023053306264,34.7834655888706
초원골드맨션,1,AC완속,전라남도 목포시 대의동2가 1-10,정보없음,정,전라남도 목포시 대의동2가 1-10,126.38153440479091,34.787012870739126
그리스호텔,1,AC완속,전라남도 목포시 비파로116번길 14주차장,24시간 이용가능,정,전라남도 목포시 비파로116번길 14 (상동),126.42458728440336,34.80866554533026
옥암한국아델리움,4,AC완속,전라남도 목포시 옥암동 남악1로 15,24시간,정,전라남도 목포시 남악1로 15 (옥암동),126.44514527528796,34.805473073675834
골드디움5차아파트,2,AC완속,전라남도 목포시 용해지구로88번길 23지하주차장 D24기둥,09:00~18:00,정,전라남도 목포시 용해지구로88번길 23 (용해동),126.39440102318456,34.820661910456366
근화네오빌아파트,1,AC완속,전라남도 목포시 텃골로 13번길 36(석현동)근화네오빌아파트 지하2주차장 지상통로 옆,09:00~18:00,정,전라남도 목포시 텃골로13번길 36 (석현동),126.41964831922652,34.81980757453182
목포시 골드디움3차,1,AC완속,전라남도 목포시 남악1로52번길 82306동 1-2라인 입구(1272 골드디움3차아파트 306동 1-2라인 입구),24시간 이용가능,유,전라남도 목포시 남악1로52번길 83 (옥암동),126.45233262633575,34.812171823619
코아루천년가 아파트,3,AC완속,전라남도 목포시 옥암동 남악1로16번길 43-14,24시간,정,전라남도 목포시 남악1로16번길 43-14 (옥암동),126.45237894739371,34.80764829583275
에메랄드퀸 주상복합아파트,1,AC완속,전라남도 목포시 상동 1139-7,정보없음,정,전라남도 목포시 상동 1139-7,126.43370455869184,34.79795624343999
초원샤르망아파트,1,AC완속,전라남도 목포시 옥암동 965,정보없음,정,전라남도 목포시 옥암동 965,126.42738173178714,34.8090521702853
루벤스모텔,1,AC완속,전라남도 목포시 평화로61번길 4실외주차장,24시간 이용가능,정,전라남도 목포시 평화로61번길 4 (상동),126.43166196640712,34.79653753565798
옥암한국아델리움,1,DC차데모+AC3상+DC콤보,전라남도 목포시 옥암동 남악1로 15,24시간,정,전라남도 목포시 남악1로 15 (옥암동),126.44514527528796,34.805473073675834
골드디움5차아파트,1,AC완속,전라남도 목포시 용해지구로88번길 23지하주차장 D24기둥,09:00~18:00,정,전라남도 목포시 용해지구로88번길 23 (용해동),126.39440102318456,34.820661910456366
제일2차하이빌 아파트,1,DC차데모+AC3상+DC콤보,전라남도 목포시 옥암동 신흥로 113,정보없음,정,전라남도 목포시 신흥로 113 (옥암동),126.43093777185913,34.80690995557436
목포 한성타워맨션,1,AC완속,"전라남도 목포시 원산로59번길 14 (산정동, 한성타워맨션)(1769 (한성타워맨션))",정보없음,정,전라남도 목포시 원산로59번길 14 (산정동),126.37461238307702,34.805994482725445
목포상동호반리젠시빌,4,AC완속,"전라남도 목포시 영산로535번길 6 (상동, 호반리젠시빌아파트) 101동~107동",정보없음,정,전라남도 목포시 영산로535번길 6 (상동),126.4183638795034,34.81389443726321
목포시 금호어울림아파트,5,AC완속,"전라남도 목포시 텃골로33번길 53 (석현동, 석현동금호어울림)지하 2층 101동 A04",24시간 이용가능,정,전라남도 목포시 텃골로33번길 53 (석현동),126.4187313096158,34.817403571834355
세븐무인텔,1,AC완속,전라남도 목포시 비파로116번길 16-1주차장,24시간 이용가능,정,전라남도 목포시 비파로116번길 16-1 (상동),126.42500788917478,34.80872246326931
우방아이유쉘아파트,1,AC완속,전라남도 목포시 옥암동 1397,정보없음,정,전라남도 목포시 옥암동 1397,126.42571368962582,34.81277660405435
몰디브호텔,1,AC완속,전라남도 목포시 옥암로46번길 37실외주차장,24시간 이용가능,정,전라남도 목포시 옥암로46번길 37 (옥암동),126.43271619745481,34.8054900323318
광명샤인빌,1,AC완속,전라남도 목포시 석현로 38P2주차장물탱크옆,09:00~18:00,정,전라남도 목포시 석현로 38 (석현동),126.42505396319054,34.81663993928501
근화블루빌아파트,4,AC완속,"전라남도 목포시 텃골로13번길 32 (석현동, 근화블루빌아파트) 상가동(816-12 (근화블루빌아파트))",정보없음,정,전라남도 목포시 텃골로13번길 32 (석현동),126.41976681016307,34.82007823937096
이마트 목포점,1,DC차데모+AC3상+DC콤보,전라남도 목포시 옥암로 138,정보없음,정,전라남도 목포시 옥암로 138 (옥암동),126.42521024506333,34.81162777849872
목포시 금호어울림아파트,1,AC완속,"전라남도 목포시 텃골로33번길 53 (석현동, 석현동금호어울림)지하 2층 101동 A04",24시간 이용가능,정,전라남도 목포시 텃골로33번길 53 (석현동),126.4187313096158,34.817403571834355
목포시 골드디움6차,1,AC완속,전라남도 목포시 용해지구로88번길 8602동 A15(1051 골드디움6차아파트 602동 A15),24시간 이용가능,유,전라남도 목포시 용해지구로88번길 24 (용해동),126.39397783570472,34.8185868313994
하당 금호2차아파트,1,DC차데모+AC3상+DC콤보,전라남도 목포시 옥암동 백년대로375번길 20,정보없음,정,전라남도 목포시 백년대로375번길 20 (옥암동),126.42721592813146,34.80880056222205
목포시 스카이모텔,1,AC완속,전라남도 목포시 신흥로59번길 15주차장(상동 870),24시간 이용가능,정,전라남도 목포시 신흥로59번길 15 (상동),126.42596126973595,34.80514565478246
근화네오빌아파트,2,AC완속,전라남도 목포시 텃골로 13번길 36(석현동)근화네오빌아파트 지하2주차장 지상통로 옆,09:00~18:00,정,전라남도 목포시 텃골로13번길 36 (석현동),126.41964831922652,34.81980757453182
제일2차하이빌 아파트,2,AC완속,전라남도 목포시 옥암동 신흥로 113,정보없음,정,전라남도 목포시 신흥로 113 (옥암동),126.43093777185913,34.80690995557436
광명샤인빌,2,AC완속,전라남도 목포시 석현로 38P2주차장물탱크옆,09:00~18:00,정,전라남도 목포시 석현로 38 (석현동),126.42505396319054,34.81663993928501
목포상동호반리젠시빌,1,AC완속,"전라남도 목포시 영산로535번길 6 (상동, 호반리젠시빌아파트) 101동~107동",정보없음,정,전라남도 목포시 영산로535번길 6 (상동),126.4183638795034,34.81389443726321
목포시 골드디움3차,2,AC완속,전라남도 목포시 남악1로52번길 82306동 1-2라인 입구(1272 골드디움3차아파트 306동 1-2라인 입구),24시간 이용가능,유,전라남도 목포시 남악1로52번길 83 (옥암동),126.45233262633575,34.812171823619
코아루천년가 아파트,1,DC차데모+AC3상+DC콤보,전라남도 목포시 옥암동 남악1로16번길 43-14,24시간,정,전라남도 목포시 남악1로16번길 43-14 (옥암동),126.45237894739371,34.80764829583275
목포시 맨하탄모텔,1,AC완속,전라남도 목포시 비파로124번길 5주차장(853-5 맨하탄모텔),24시간 이용가능,정,전라남도 목포시 비파로124번길 5 (상동),126.4232149552093,34.80927559319839
목포시 부영애시앙2차,1,AC완속,전라남도 목포시 당가두로13번길 9P2 입구(1144 부영애시앙 P2 입구),24시간 이용가능,정,전라남도 목포시 당가두로13번길 9 (옥암동),126.43538885305807,34.80933672954289
세븐무인텔,2,AC완속,전라남도 목포시 비파로116번길 16-1주차장,24시간 이용가능,정,전라남도 목포시 비파로116번길 16-1 (상동),126.42500788917478,34.80872246326931
목포시 썸무인호텔,1,AC완속,전라남도 목포시 허사로 13주차장(달동 1337-118),24시간 이용가능,정,전라남도 목포시 허사로 13 (달동),126.36200207153351,34.75350473481162
한국농어촌공사 영산강사업단,1,DC콤보,전라남도 목포시 영산로 463(상동 509),09:00~18:00,정,전라남도 목포시 영산로 463 (상동),126.41501522848978,34.80862295007461
목포상동호반리젠시빌,5,AC완속,"전라남도 목포시 영산로535번길 6 (상동, 호반리젠시빌아파트) 101동~107동",정보없음,정,전라남도 목포시 영산로535번길 6 (상동),126.4183638795034,34.81389443726321
목포시 골드디움6차,2,AC완속,전라남도 목포시 용해지구로88번길 8602동 A15(1051 골드디움6차아파트 602동 A15),24시간 이용가능,유,전라남도 목포시 용해지구로88번길 24 (용해동),126.39397783570472,34.8185868313994
목포시 달성길36,1,AC완속,전라남도 목포시 달성길 36주차장(죽교동 289-34),24시간 이용가능,정,전라남도 목포시 달성길 36 (죽교동),126.37751559727221,34.79170930670595
근화블루빌아파트,1,AC완속,"전라남도 목포시 텃골로13번길 32 (석현동, 근화블루빌아파트) 상가동(816-12 (근화블루빌아파트))",정보없음,정,전라남도 목포시 텃골로13번길 32 (석현동),126.41976681016307,34.82007823937096
목포시 신안비치팔레스아파트,1,AC완속,"전라남도 목포시 청호로 210지하1층 103동, 106동, 109동, 113동",24시간 이용가능,정,전라남도 목포시 청호로 210 (산정동),126.37121293425284,34.808797975279035
목포시 우미파렌하이트아파트,5,AC완속,전라남도 목포시 남악2로22번길 15주차장입구 C09(1315 우미파렌하이트 주차장입구 C09),24시간 이용가능,정,전라남도 목포시 남악2로22번길 15 (옥암동),126.45469102775654,34.80831832004301
몰디브호텔,2,AC완속,전라남도 목포시 옥암로46번길 37실외주차장,24시간 이용가능,정,전라남도 목포시 옥암로46번길 37 (옥암동),126.43271619745481,34.8054900323318
스위트모텔,1,AC완속,전라남도 목포시 해양대학로251번길 4-2주차장,24시간 이용가능,정,전라남도 목포시 해양대학로251번길 4-2 (죽교동),126.36968776619342,34.80132485942604
목포상동호반리젠시빌,2,AC완속,"전라남도 목포시 영산로535번길 6 (상동, 호반리젠시빌아파트) 101동~107동",정보없음,정,전라남도 목포시 영산로535번길 6 (상동),126.4183638795034,34.81389443726321
목포시 미루모텔,1,AC완속,전라남도 목포시 평화로83번길 3-1주차장(상동 1144-3),24시간 이용가능,정,전라남도 목포시 평화로83번길 3-1 (상동),126.43310833480972,34.797320292543446
목포시 신안비치팔레스아파트,5,AC완속,"전라남도 목포시 청호로 210지하1층 103동, 106동, 109동, 113동",24시간 이용가능,정,전라남도 목포시 청호로 210 (산정동),126.37121293425284,34.808797975279035
목포시 금호어울림아파트,2,AC완속,"전라남도 목포시 텃골로33번길 53 (석현동, 석현동금호어울림)지하 2층 101동 A04",24시간 이용가능,정,전라남도 목포시 텃골로33번길 53 (석현동),126.4187313096158,34.817403571834355
목포시 스카이모텔,2,AC완속,전라남도 목포시 신흥로59번길 15주차장(상동 870),24시간 이용가능,정,전라남도 목포시 신흥로59번길 15 (상동),126.42596126973595,34.80514565478246
목포시 엠유모텔,2,AC완속,전라남도 목포시 옥암로54번길 41주차장(옥암동 1012-5),24시간 이용가능,정,전라남도 목포시 옥암로54번길 41 (옥암동),126.43268313378789,34.806239971743445
목포시 포미타운주공1단지,5,AC완속,전라남도 목포시 포미로 23108동주차장(973 포미타운주공1단지 108동주차장),24시간 이용가능,유,전라남도 목포시 포미로 46 (용해동),126.3964679413809,34.8197825710839
근화블루빌아파트,2,AC완속,"전라남도 목포시 텃골로13번길 32 (석현동, 근화블루빌아파트) 상가동(816-12 (근화블루빌아파트))",정보없음,정,전라남도 목포시 텃골로13번길 32 (석현동),126.41976681016307,34.82007823937096
목포상동호반리젠시빌,6,AC완속,"전라남도 목포시 영산로535번길 6 (상동, 호반리젠시빌아파트) 101동~107동",정보없음,정,전라남도 목포시 영산로535번길 6 (상동),126.4183638795034,34.81389443726321
목포시 궁무인호텔,1,AC완속,전라남도 목포시 신항로276번길 42주차장(달동 1330-47),24시간 이용가능,정,전라남도 목포시 신항로276번길 42 (달동),126.35718265440015,34.75618909538071
광명샤인빌,3,AC완속,전라남도 목포시 석현로 38P2주차장물탱크옆,09:00~18:00,정,전라남도 목포시 석현로 38 (석현동),126.42505396319054,34.81663993928501
목포시 신안비치팔레스아파트,2,AC완속,"전라남도 목포시 청호로 210지하1층 103동, 106동, 109동, 113동",24시간 이용가능,정,전라남도 목포시 청호로 210 (산정동),126.37121293425284,34.808797975279035
목포시 우미파렌하이트아파트,1,AC완속,전라남도 목포시 남악2로22번길 15주차장입구 C09(1315 우미파렌하이트 주차장입구 C09),24시간 이용가능,정,전라남도 목포시 남악2로22번길 15 (옥암동),126.45469102775654,34.80831832004301
목포시 부영애시앙2차,2,AC완속,전라남도 목포시 당가두로13번길 9P2 입구(1144 부영애시앙 P2 입구),24시간 이용가능,정,전라남도 목포시 당가두로13번길 9 (옥암동),126.43538885305807,34.80933672954289
목포상동호반리젠시빌,7,AC완속,"전라남도 목포시 영산로535번길 6 (상동, 호반리젠시빌아파트) 101동~107동",정보없음,정,전라남도 목포시 영산로535번길 6 (상동),126.4183638795034,34.81389443726321
목포시 엠유모텔,1,AC완속,전라남도 목포시 옥암로54번길 41주차장(옥암동 1012-5),24시간 이용가능,정,전라남도 목포시 옥암로54번길 41 (옥암동),126.43268313378789,34.806239971743445
목포시 하당제일풍경채3차,8,AC완속,전라남도 목포시 하당로289번길 6302동 주차장(916-3 제일3차풍경채아파트 302동 주차장),24시간 이용가능,유,전라남도 목포시 하당로289번길 25 (옥암동),126.42545672577273,34.813729151112575
목포시 부림장,1,AC완속,전라남도 목포시 삼학로18번길 15주차장,24시간(업소고객전용),정,전라남도 목포시 삼학로18번길 15 (호남동),126.38901236481641,34.789695767718875
목포시 금호어울림아파트,3,AC완속,"전라남도 목포시 텃골로33번길 53 (석현동, 석현동금호어울림)지하 2층 101동 A04",24시간 이용가능,정,전라남도 목포시 텃골로33번길 53 (석현동),126.4187313096158,34.817403571834355
목포시 옥암코아루,1,AC완속,전라남도 목포시 당가두로13번길 1246번 주변(1149 코아루아파트 46번 주변),24시간 이용가능,유,전라남도 목포시 당가두로13번길 35 (옥암동),126.43881871457354,34.809776972330084
목포시 포미타운주공1단지,1,AC완속,전라남도 목포시 포미로 23108동주차장(973 포미타운주공1단지 108동주차장),24시간 이용가능,유,전라남도 목포시 포미로 46 (용해동),126.3964679413809,34.8197825710839
목포시 우미파렌하이트아파트,7,AC완속,전라남도 목포시 남악2로22번길 15주차장입구 C09(1315 우미파렌하이트 주차장입구 C09),24시간 이용가능,정,전라남도 목포시 남악2로22번길 15 (옥암동),126.45469102775654,34.80831832004301
목포시 신안비치팔레스아파트,6,AC완속,"전라남도 목포시 청호로 210지하1층 103동, 106동, 109동, 113동",24시간 이용가능,정,전라남도 목포시 청호로 210 (산정동),126.37121293425284,34.808797975279035
목포상동호반리젠시빌,3,AC완속,"전라남도 목포시 영산로535번길 6 (상동, 호반리젠시빌아파트) 101동~107동",정보없음,정,전라남도 목포시 영산로535번길 6 (상동),126.4183638795034,34.81389443726321
옥암푸르지오,1,AC완속,"전라남도 목포시 남악1로 511주차장B1C5기둥,2주차장B1O5기둥",09:00~18:00,유,전라남도 목포시 남악1로 60 (옥암동),126.44527462860982,34.810421927316625
목포시 금호어울림아파트,4,AC완속,"전라남도 목포시 텃골로33번길 53 (석현동, 석현동금호어울림)지하 2층 101동 A04",24시간 이용가능,정,전라남도 목포시 텃골로33번길 53 (석현동),126.4187313096158,34.817403571834355
목포시 부영애시앙2차,3,AC완속,전라남도 목포시 당가두로13번길 9P2 입구(1144 부영애시앙 P2 입구),24시간 이용가능,정,전라남도 목포시 당가두로13번길 9 (옥암동),126.43538885305807,34.80933672954289
목포시 우미파렌하이트아파트,6,AC완속,전라남도 목포시 남악2로22번길 15주차장입구 C09(1315 우미파렌하이트 주차장입구 C09),24시간 이용가능,정,전라남도 목포시 남악2로22번길 15 (옥암동),126.45469102775654,34.80831832004301
목포시 하당제일풍경채3차,4,AC완속,전라남도 목포시 하당로289번길 6302동 주차장(916-3 제일3차풍경채아파트 302동 주차장),24시간 이용가능,유,전라남도 목포시 하당로289번길 25 (옥암동),126.42545672577273,34.813729151112575
목포시 포미타운주공1단지,7,AC완속,전라남도 목포시 포미로 23108동주차장(973 포미타운주공1단지 108동주차장),24시간 이용가능,유,전라남도 목포시 포미로 46 (용해동),126.3964679413809,34.8197825710839
목포시 신안비치팔레스아파트,3,AC완속,"전라남도 목포시 청호로 210지하1층 103동, 106동, 109동, 113동",24시간 이용가능,정,전라남도 목포시 청호로 210 (산정동),126.37121293425284,34.808797975279035
목포시 궁무인호텔,2,AC완속,전라남도 목포시 신항로276번길 42주차장(달동 1330-47),24시간 이용가능,정,전라남도 목포시 신항로276번길 42 (달동),126.35718265440015,34.75618909538071
케이티하당빌딩,3,AC완속,"전라남도 목포시 통일대로119번길 81 (옥암동, 전화국)주차장",비개방,정,전라남도 목포시 통일대로119번길 81 (옥암동),126.4322986800619,34.80836465298039
목포시 부영애시앙2차,4,AC완속,전라남도 목포시 당가두로13번길 9P2 입구(1144 부영애시앙 P2 입구),24시간 이용가능,정,전라남도 목포시 당가두로13번길 9 (옥암동),126.43538885305807,34.80933672954289
목포시 우미파렌하이트아파트,8,AC완속,전라남도 목포시 남악2로22번길 15주차장입구 C09(1315 우미파렌하이트 주차장입구 C09),24시간 이용가능,정,전라남도 목포시 남악2로22번길 15 (옥암동),126.45469102775654,34.80831832004301
부영애시앙일차아파트,1,AC완속,"전라남도 목포시 당가두로13번길 35 (옥암동, 부영애시앙)",정보없음,정,전라남도 목포시 당가두로13번길 35 (옥암동),126.43881871457354,34.809776972330084
목포시 포미타운주공1단지,6,AC완속,전라남도 목포시 포미로 23108동주차장(973 포미타운주공1단지 108동주차장),24시간 이용가능,유,전라남도 목포시 포미로 46 (용해동),126.3964679413809,34.8197825710839
목포시 신안비치팔레스아파트,7,AC완속,"전라남도 목포시 청호로 210지하1층 103동, 106동, 109동, 113동",24시간 이용가능,정,전라남도 목포시 청호로 210 (산정동),126.37121293425284,34.808797975279035
목포시 호반리젠시빌스위트,2,AC완속,"전라남도 목포시 용당로331번길 881P B2,2P B2,3P B2,4P B1(1025 호반리젠시빌스위트)",24시간 이용가능,유,전라남도 목포시 용당로331번길 88 (용해동),126.39454096321676,34.81711133779782
광주전남)목포 지점,1,AC완속,전라남도 목포시 영산로 489,평일 08:30~17:30,정,전라남도 목포시 영산로 489 (상동),126.41672259561273,34.809648985964294
목포시 옥암코아루,2,AC완속,전라남도 목포시 당가두로13번길 1246번 주변(1149 코아루아파트 46번 주변),24시간 이용가능,유,전라남도 목포시 당가두로13번길 35 (옥암동),126.43881871457354,34.809776972330084
목포시 부림장,2,AC완속,전라남도 목포시 삼학로18번길 15주차장,24시간(업소고객전용),정,전라남도 목포시 삼학로18번길 15 (호남동),126.38901236481641,34.789695767718875
목포시 우미파렌하이트아파트,2,AC완속,전라남도 목포시 남악2로22번길 15주차장입구 C09(1315 우미파렌하이트 주차장입구 C09),24시간 이용가능,정,전라남도 목포시 남악2로22번길 15 (옥암동),126.45469102775654,34.80831832004301
목포시 하당제일풍경채3차,1,AC완속,전라남도 목포시 하당로289번길 6302동 주차장(916-3 제일3차풍경채아파트 302동 주차장),24시간 이용가능,유,전라남도 목포시 하당로289번길 25 (옥암동),126.42545672577273,34.813729151112575
케이티용당빌딩,11,AC완속,전라남도 목포시 용당로 257 (용당동)주차장,비개방,유,전라남도 목포시 용당로 256 (용당동),126.39919003028704,34.80970984639131
옥암푸르지오,3,AC완속,"전라남도 목포시 남악1로 511주차장B1C5기둥,2주차장B1O5기둥",09:00~18:00,유,전라남도 목포시 남악1로 60 (옥암동),126.44527462860982,34.810421927316625
목포시 신안비치팔레스아파트,8,AC완속,"전라남도 목포시 청호로 210지하1층 103동, 106동, 109동, 113동",24시간 이용가능,정,전라남도 목포시 청호로 210 (산정동),126.37121293425284,34.808797975279035
목포시 호반리젠시빌스위트,1,AC완속,"전라남도 목포시 용당로331번길 881P B2,2P B2,3P B2,4P B1(1025 호반리젠시빌스위트)",24시간 이용가능,유,전라남도 목포시 용당로331번길 88 (용해동),126.39454096321676,34.81711133779782
목포석현동센트럴카운티 2차(입주민 전용),4,AC완속,전라남도 목포시 청호로136번길 22(1837 라송센트럴카운티2차아파트),24시간 이용가능,정,전라남도 목포시 청호로136번길 22 (산정동),126.37779510053014,34.80511404926092
목포시 우미파렌하이트아파트,3,AC완속,전라남도 목포시 남악2로22번길 15주차장입구 C09(1315 우미파렌하이트 주차장입구 C09),24시간 이용가능,정,전라남도 목포시 남악2로22번길 15 (옥암동),126.45469102775654,34.80831832004301
목포시 텐호텔,1,AC완속,전라남도 목포시 삼향천로 61주차장(옥암동 1017-1),24시간 이용가능,정,전라남도 목포시 삼향천로 61 (옥암동),126.4331835198716,34.80646798584
목포시 포미타운주공1단지,2,AC완속,전라남도 목포시 포미로 23108동주차장(973 포미타운주공1단지 108동주차장),24시간 이용가능,유,전라남도 목포시 포미로 46 (용해동),126.3964679413809,34.8197825710839
목포시 신안비치팔레스아파트,4,AC완속,"전라남도 목포시 청호로 210지하1층 103동, 106동, 109동, 113동",24시간 이용가능,정,전라남도 목포시 청호로 210 (산정동),126.37121293425284,34.808797975279035
케이티하당빌딩,31,AC완속,"전라남도 목포시 통일대로119번길 81 (옥암동, 전화국)주차장",비개방,정,전라남도 목포시 통일대로119번길 81 (옥암동),126.4322986800619,34.80836465298039
목포시 호반리젠시빌스위트,3,AC완속,"전라남도 목포시 용당로331번길 881P B2,2P B2,3P B2,4P B1(1025 호반리젠시빌스위트)",24시간 이용가능,유,전라남도 목포시 용당로331번길 88 (용해동),126.39454096321676,34.81711133779782
목포석현동센트럴카운티 5차(입주민 전용),4,AC완속,전라남도 목포시 영산로 648-24(라송센트럴카운티5차 아파트),24시간 이용가능,정,전라남도 목포시 영산로 648-24 (석현동),126.42654329138014,34.82025183572888
옥암푸르지오,2,AC완속,"전라남도 목포시 남악1로 511주차장B1C5기둥,2주차장B1O5기둥",09:00~18:00,유,전라남도 목포시 남악1로 60 (옥암동),126.44527462860982,34.810421927316625
목포시 우미파렌하이트아파트,4,AC완속,전라남도 목포시 남악2로22번길 15주차장입구 C09(1315 우미파렌하이트 주차장입구 C09),24시간 이용가능,정,전라남도 목포시 남악2로22번길 15 (옥암동),126.45469102775654,34.80831832004301
목포시 포미타운주공1단지,3,AC완속,전라남도 목포시 포미로 23108동주차장(973 포미타운주공1단지 108동주차장),24시간 이용가능,유,전라남도 목포시 포미로 46 (용해동),126.3964679413809,34.8197825710839
목포시 하당제일풍경채3차,2,AC완속,전라남도 목포시 하당로289번길 6302동 주차장(916-3 제일3차풍경채아파트 302동 주차장),24시간 이용가능,유,전라남도 목포시 하당로289번길 25 (옥암동),126.42545672577273,34.813729151112575
케이티하당빌딩,11,AC완속,"전라남도 목포시 통일대로119번길 81 (옥암동, 전화국)주차장",비개방,정,전라남도 목포시 통일대로119번길 81 (옥암동),126.4322986800619,34.80836465298039
목포시 옥암코아루,3,AC완속,전라남도 목포시 당가두로13번길 1246번 주변(1149 코아루아파트 46번 주변),24시간 이용가능,유,전라남도 목포시 당가두로13번길 35 (옥암동),126.43881871457354,34.809776972330084
롯데렌터카 목포사업장(입주사 전용),2,DC콤보,전라남도 목포시 백년대로 272(상동 902-1),24시간 이용가능,정,전라남도 목포시 백년대로 272 (상동),126.41810988642756,34.802410626513485
현대 목포지점(현대차 전용),2,DC콤보,전라남도 목포시 남악로 123(옥암동 1363-5),24시간 이용가능,정,전라남도 목포시 남악로 123 (옥암동),126.4520287311307,34.80563985502527
옥암푸르지오,4,AC완속,"전라남도 목포시 남악1로 511주차장B1C5기둥,2주차장B1O5기둥",09:00~18:00,유,전라남도 목포시 남악1로 60 (옥암동),126.44527462860982,34.810421927316625
목포시 포미타운주공1단지,4,AC완속,전라남도 목포시 포미로 23108동주차장(973 포미타운주공1단지 108동주차장),24시간 이용가능,유,전라남도 목포시 포미로 46 (용해동),126.3964679413809,34.8197825710839
목포시 하당제일풍경채3차,5,AC완속,전라남도 목포시 하당로289번길 6302동 주차장(916-3 제일3차풍경채아파트 302동 주차장),24시간 이용가능,유,전라남도 목포시 하당로289번길 25 (옥암동),126.42545672577273,34.813729151112575
기아오토큐 목포서비스,1,DC차데모+DC콤보,전라남도 목포시 남악로58번길 10(옥암동 1381-2),24시간 이용가능,정,전라남도 목포시 남악로58번길 10 (옥암동),126.44528783434424,34.80368800303307
케이티하당빌딩,4,AC완속,"전라남도 목포시 통일대로119번길 81 (옥암동, 전화국)주차장",비개방,정,전라남도 목포시 통일대로119번길 81 (옥암동),126.4322986800619,34.80836465298039
목포시 호반리젠시빌스위트,4,AC완속,"전라남도 목포시 용당로331번길 881P B2,2P B2,3P B2,4P B1(1025 호반리젠시빌스위트)",24시간 이용가능,유,전라남도 목포시 용당로331번길 88 (용해동),126.39454096321676,34.81711133779782
목포석현동센트럴카운티 3차(입주민 전용),5,AC완속,전라남도 목포시 석현로45번길 22-10(1179 목포석현동라송센트럴카운티3차아파트),24시간 이용가능,정,전라남도 목포시 석현로45번길 22-10 (석현동),126.42667893509474,34.81800505567837
목포시 텐호텔,2,AC완속,전라남도 목포시 삼향천로 61주차장(옥암동 1017-1),24시간 이용가능,정,전라남도 목포시 삼향천로 61 (옥암동),126.4331835198716,34.80646798584
로얄호텔,1,AC완속,전라남도 목포시 통일대로 12(상동)(상동 1115-3),24시간 이용가능,정,전라남도 목포시 통일대로 12 (상동),126.42665860563432,34.797347437743596
부영애시앙일차아파트,2,AC완속,"전라남도 목포시 당가두로13번길 35 (옥암동, 부영애시앙)",정보없음,정,전라남도 목포시 당가두로13번길 35 (옥암동),126.43881871457354,34.809776972330084
케이티하당빌딩,12,AC완속,"전라남도 목포시 통일대로119번길 81 (옥암동, 전화국)주차장",비개방,정,전라남도 목포시 통일대로119번길 81 (옥암동),126.4322986800619,34.80836465298039
목포시 하당제일풍경채3차,6,AC완속,전라남도 목포시 하당로289번길 6302동 주차장(916-3 제일3차풍경채아파트 302동 주차장),24시간 이용가능,유,전라남도 목포시 하당로289번길 25 (옥암동),126.42545672577273,34.813729151112575
국민서관(입주사 전용),1,AC완속,전라남도 목포시 번영로 167(상동 779-4),24시간 이용가능,정,전라남도 목포시 번영로 167 (상동),126.41958894879589,34.81125698275709
옥암푸르지오,5,AC완속,"전라남도 목포시 남악1로 511주차장B1C5기둥,2주차장B1O5기둥",09:00~18:00,유,전라남도 목포시 남악1로 60 (옥암동),126.44527462860982,34.810421927316625
목포석현동센트럴카운티 3차(입주민 전용),1,AC완속,전라남도 목포시 석현로45번길 22-10(1179 목포석현동라송센트럴카운티3차아파트),24시간 이용가능,정,전라남도 목포시 석현로45번길 22-10 (석현동),126.42667893509474,34.81800505567837
스카이모텔,2,AC완속,전라남도 목포시 신흥로59번길 15,24시간 이용가능,정,전라남도 목포시 신흥로59번길 15 (상동),126.42596126973595,34.80514565478246
서희스타힐스,1,AC완속,전라남도 목포시 영산로 719-29(목포석현 서희스타힐스),00:00~24:00,정,전라남도 목포시 영산로 719-29 (석현동),126.41839315397442,34.826167032382834
케이티용당빌딩,12,AC완속,전라남도 목포시 용당로 257 (용당동)주차장,비개방,유,전라남도 목포시 용당로 256 (용당동),126.39919003028704,34.80970984639131
기아자동차 하당대리점,1,DC콤보,전라남도 목포시 옥암로 53(상동 1001-3),24시간 이용가능,정,전라남도 목포시 옥암로 53 (상동),126.4285040175607,34.80430693120764
목포시 하당제일풍경채3차,7,AC완속,전라남도 목포시 하당로289번길 6302동 주차장(916-3 제일3차풍경채아파트 302동 주차장),24시간 이용가능,유,전라남도 목포시 하당로289번길 25 (옥암동),126.42545672577273,34.813729151112575
부영애시앙일차아파트,3,AC완속,"전라남도 목포시 당가두로13번길 35 (옥암동, 부영애시앙)",정보없음,정,전라남도 목포시 당가두로13번길 35 (옥암동),126.43881871457354,34.809776972330084
목포석현동센트럴카운티 2차(입주민 전용),5,AC완속,전라남도 목포시 청호로136번길 22(1837 라송센트럴카운티2차아파트),24시간 이용가능,정,전라남도 목포시 청호로136번길 22 (산정동),126.37779510053014,34.80511404926092
목포시종합사회복지관,1,AC완속,전라남도 목포시 고하대로 712(산정동 1749),24시간 이용가능,정,전라남도 목포시 고하대로 712 (산정동),126.37546141366106,34.809886906163314
케이티하당빌딩,21,AC완속,"전라남도 목포시 통일대로119번길 81 (옥암동, 전화국)주차장",비개방,정,전라남도 목포시 통일대로119번길 81 (옥암동),126.4322986800619,34.80836465298039
M모텔,1,AC완속,전라남도 목포시 호남로64번길 13(대안동)(대안동 4-2),24시간 이용가능,정,전라남도 목포시 호남로64번길 13 (대안동),126.38537070401829,34.79305652658571
하당현대2차,2,AC완속,전라남도 목포시 삼향천로91번길 21(992 하당2차현대아파트),00:00~24:00,정,전라남도 목포시 삼향천로91번길 21 (옥암동),126.42991398467933,34.80694964927182
목포석현동센트럴카운티 3차(입주민 전용),2,AC완속,전라남도 목포시 석현로45번길 22-10(1179 목포석현동라송센트럴카운티3차아파트),24시간 이용가능,정,전라남도 목포시 석현로45번길 22-10 (석현동),126.42667893509474,34.81800505567837
신안비치팔레스2차아파트,1,AC완속,"전라남도 목포시 청호로220번길 5 (산정동, 신안비치팔레스아파트)",24시간 이용가능,정,전라남도 목포시 청호로220번길 5 (산정동),126.37073137510625,34.81008656046681
목포석현동센트럴카운티 5차(입주민 전용),5,AC완속,전라남도 목포시 영산로 648-24(라송센트럴카운티5차 아파트),24시간 이용가능,정,전라남도 목포시 영산로 648-24 (석현동),126.42654329138014,34.82025183572888
목포시 하당제일풍경채3차,3,AC완속,전라남도 목포시 하당로289번길 6302동 주차장(916-3 제일3차풍경채아파트 302동 주차장),24시간 이용가능,유,전라남도 목포시 하당로289번길 25 (옥암동),126.42545672577273,34.813729151112575
현대자동차블루핸즈 삽진공업사,1,DC콤보,전라남도 목포시 대양로13번길 12현대자동차블루핸즈 삽진공업사(연산동 618-37),24시간 이용가능,정,전라남도 목포시 대양로13번길 12 (연산동),126.3832665167619,34.82356290982642
케이티하당빌딩,32,AC완속,"전라남도 목포시 통일대로119번길 81 (옥암동, 전화국)주차장",비개방,정,전라남도 목포시 통일대로119번길 81 (옥암동),126.4322986800619,34.80836465298039
라이프1차아파트(입주민 전용),1,AC완속,전라남도 목포시 용당로 323,24시간 이용가능,정,전라남도 목포시 용당로 323 (용해동),126.39965277088692,34.81528031028841
전남목포 근화희망타운1차아파트,2,AC완속,전라남도 목포시 산양로 40103동앞(75-1 근화희망타운아파트 103동앞),24시간 이용가능,유,전라남도 목포시 산양로 66 (대양동),126.42954589067335,34.837221506227614
빅토리아모텔,1,AC완속,전라남도 목포시 하당남부로61번길 22(상동)(상동 1009-4),24시간 이용가능,정,전라남도 목포시 하당남부로61번길 22 (상동),126.42967031643128,34.80208634479725
보보스모텔,1,AC완속,전라남도 목포시 하당남부로51번길 3,24시간 이용가능,정,전라남도 목포시 하당남부로51번길 3 (상동),126.4293873012654,34.80042018477857
현대블루핸즈 동양자동차정비㈜,1,DC콤보,전라남도 목포시 녹색로 126(옥암동 914-9),24시간 이용가능,정,전라남도 목포시 녹색로 126 (옥암동),126.428215307551,34.815122287925796
목포시 호텔야자목포평화광장점,1,AC완속,전라남도 목포시 하당남부로61번길 3주차장(상동 1032-1),24시간 이용가능,정,전라남도 목포시 하당남부로61번길 3 (상동),126.43026078203734,34.80054328630166
목포가족관광호텔,1,AC완속,전라남도 목포시 호남로64번길 28(대안동)목포가족관광호텔(대안동 12-1),24시간 이용가능,정,전라남도 목포시 호남로64번길 28 (대안동),126.38464683777947,34.79202103806732
케이티하당빌딩,1,AC완속,"전라남도 목포시 통일대로119번길 81 (옥암동, 전화국)주차장",비개방,정,전라남도 목포시 통일대로119번길 81 (옥암동),126.4322986800619,34.80836465298039
목포석현동센트럴카운티 2차(입주민 전용),1,AC완속,전라남도 목포시 청호로136번길 22(1837 라송센트럴카운티2차아파트),24시간 이용가능,정,전라남도 목포시 청호로136번길 22 (산정동),126.37779510053014,34.80511404926092
목포석현동센트럴카운티 3차(입주민 전용),3,AC완속,전라남도 목포시 석현로45번길 22-10(1179 목포석현동라송센트럴카운티3차아파트),24시간 이용가능,정,전라남도 목포시 석현로45번길 22-10 (석현동),126.42667893509474,34.81800505567837
전남목포 산정로제비앙3,2,AC완속,전라남도 목포시 양을로79번길 6(목포산정 대광로제비앙),24시간 이용가능,정,전라남도 목포시 양을로79번길 6 (산정동),126.38259744643231,34.80594183203339
석현현대,1,AC완속,전라남도 목포시 영산로 676-7석현현대(532-2 현대아파트),08:00~20:00,정,전라남도 목포시 영산로 676-7 (석현동),126.4248331244158,34.82533863664472
로얄호텔,2,AC완속,전라남도 목포시 통일대로 12(상동)(상동 1115-3),24시간 이용가능,정,전라남도 목포시 통일대로 12 (상동),126.42665860563432,34.797347437743596
현대자동차블루핸즈 삽진공업사,2,DC콤보,전라남도 목포시 대양로13번길 12현대자동차블루핸즈 삽진공업사(연산동 618-37),24시간 이용가능,정,전라남도 목포시 대양로13번길 12 (연산동),126.3832665167619,34.82356290982642
케이티용당빌딩,1,AC완속,전라남도 목포시 용당로 257 (용당동)주차장,비개방,유,전라남도 목포시 용당로 256 (용당동),126.39919003028704,34.80970984639131
서희스타힐스,3,AC완속,전라남도 목포시 영산로 719-29(목포석현 서희스타힐스),00:00~24:00,정,전라남도 목포시 영산로 719-29 (석현동),126.41839315397442,34.826167032382834
케이티하당빌딩,2,AC완속,"전라남도 목포시 통일대로119번길 81 (옥암동, 전화국)주차장",비개방,정,전라남도 목포시 통일대로119번길 81 (옥암동),126.4322986800619,34.80836465298039
트윈스타,1,AC완속,전라남도 목포시 수문로 32지하주차장 B4 102동 출입구 옆,09:00~18:00,정,전라남도 목포시 수문로 32 (남교동),126.38293424906918,34.79313247433667
목포석현동센트럴카운티 5차(입주민 전용),1,AC완속,전라남도 목포시 영산로 648-24(라송센트럴카운티5차 아파트),24시간 이용가능,정,전라남도 목포시 영산로 648-24 (석현동),126.42654329138014,34.82025183572888
보보스모텔,2,AC완속,전라남도 목포시 하당남부로51번길 3,24시간 이용가능,정,전라남도 목포시 하당남부로51번길 3 (상동),126.4293873012654,34.80042018477857
전남목포 신안비치2차아파트,2,AC완속,전라남도 목포시 고하대로 641-10지상주차장 화단,"24시간 이용가능,입주민만 사용가능 거주자외출입제한",정,전라남도 목포시 고하대로 641-10 (산정동),126.36897165249515,34.80661305593031
한국농어촌공사영산강사업단,2,AC완속,전라남도 목포시 영산로 463(상동)(상동 509),24시간 이용가능,정,전라남도 목포시 영산로 463 (상동),126.41501522848978,34.80862295007461
목포가족관광호텔,2,AC완속,전라남도 목포시 호남로64번길 28(대안동)목포가족관광호텔(대안동 12-1),24시간 이용가능,정,전라남도 목포시 호남로64번길 28 (대안동),126.38464683777947,34.79202103806732
서희스타힐스,2,AC완속,전라남도 목포시 영산로 719-29(목포석현 서희스타힐스),00:00~24:00,정,전라남도 목포시 영산로 719-29 (석현동),126.41839315397442,34.826167032382834
하당현대2차,4,AC완속,전라남도 목포시 삼향천로91번길 21(992 하당2차현대아파트),00:00~24:00,정,전라남도 목포시 삼향천로91번길 21 (옥암동),126.42991398467933,34.80694964927182
케이티하당빌딩,22,AC완속,"전라남도 목포시 통일대로119번길 81 (옥암동, 전화국)주차장",비개방,정,전라남도 목포시 통일대로119번길 81 (옥암동),126.4322986800619,34.80836465298039
트윈스타,2,AC완속,전라남도 목포시 수문로 32지하주차장 B4 102동 출입구 옆,09:00~18:00,정,전라남도 목포시 수문로 32 (남교동),126.38293424906918,34.79313247433667
목포석현동센트럴카운티 2차(입주민 전용),2,AC완속,전라남도 목포시 청호로136번길 22(1837 라송센트럴카운티2차아파트),24시간 이용가능,정,전라남도 목포시 청호로136번길 22 (산정동),126.37779510053014,34.80511404926092
에코호텔,1,AC완속,전라남도 목포시 비파로124번길 11,24시간 이용가능,정,전라남도 목포시 비파로124번길 11 (상동),126.42393012315763,34.809632687750856
H모텔,1,AC완속,전라남도 목포시 비파로124번길 16-1(상동)(상동 855-6),24시간 이용가능,정,전라남도 목포시 비파로124번길 16-1 (상동),126.42457364615973,34.809378682748445
전남목포 산정로제비앙2,2,AC완속,전라남도 목포시 양을로79번길 6(목포산정 대광로제비앙),24시간 이용가능,정,전라남도 목포시 양을로79번길 6 (산정동),126.38259744643231,34.80594183203339
전남목포 신안인스빌아파트101동,3,AC완속,전라남도 목포시 삼학로 363101동B2-A02기둥,"24시간 이용가능,입주민만 사용가능 거주자외출입제한",유,전라남도 목포시 삼학로 390 (용해동),126.40958070847293,34.80549591331697
서희스타힐스,4,AC완속,전라남도 목포시 영산로 719-29(목포석현 서희스타힐스),00:00~24:00,정,전라남도 목포시 영산로 719-29 (석현동),126.41839315397442,34.826167032382834
하당현대2차,3,AC완속,전라남도 목포시 삼향천로91번길 21(992 하당2차현대아파트),00:00~24:00,정,전라남도 목포시 삼향천로91번길 21 (옥암동),126.42991398467933,34.80694964927182
전남목포 근화희망타운1차아파트2,1,AC완속,전라남도 목포시 산양로 40(75-1 근화희망타운아파트),24시간 이용가능,정,전라남도 목포시 산양로 40 (대양동),126.42735274610395,34.83640867791513
롯데렌터카 목포사업장(입주사 전용),1,DC콤보,전라남도 목포시 백년대로 272(상동 902-1),24시간 이용가능,정,전라남도 목포시 백년대로 272 (상동),126.41810988642756,34.802410626513485
목포석현동센트럴카운티 5차(입주민 전용),2,AC완속,전라남도 목포시 영산로 648-24(라송센트럴카운티5차 아파트),24시간 이용가능,정,전라남도 목포시 영산로 648-24 (석현동),126.42654329138014,34.82025183572888
목포석현동센트럴카운티 2차(입주민 전용),3,AC완속,전라남도 목포시 청호로136번길 22(1837 라송센트럴카운티2차아파트),24시간 이용가능,정,전라남도 목포시 청호로136번길 22 (산정동),126.37779510053014,34.80511404926092
M모텔,2,AC완속,전라남도 목포시 호남로64번길 13(대안동)(대안동 4-2),24시간 이용가능,정,전라남도 목포시 호남로64번길 13 (대안동),126.38537070401829,34.79305652658571
전남목포 삼성아파트 2주차장,1,AC완속,전라남도 목포시 부흥로 12(1018 삼성아파트),24시간 이용가능,정,전라남도 목포시 부흥로 12 (상동),126.42303375468055,34.7993794459127
목포소방서,1,AC완속,전라남도 목포시 삼향천로 110(옥암동)(974 목포소방서),24시간 이용가능,정,전라남도 목포시 삼향천로 110 (옥암동),126.43025129877573,34.809949022216955
전남목포 연산주공5단지아파트2,1,AC완속,전라남도 목포시 원산중앙로 109-1(1261 연산주공5단지아파트),24시간 이용가능,정,전라남도 목포시 원산중앙로 109-1 (연산동),126.38244661326634,34.81359147481963
전남목포 근화희망타운1차아파트,3,AC완속,전라남도 목포시 산양로 40103동앞(75-1 근화희망타운아파트 103동앞),24시간 이용가능,유,전라남도 목포시 산양로 66 (대양동),126.42954589067335,34.837221506227614
하당현대2차,5,AC완속,전라남도 목포시 삼향천로91번길 21(992 하당2차현대아파트),00:00~24:00,정,전라남도 목포시 삼향천로91번길 21 (옥암동),126.42991398467933,34.80694964927182
전남목포 산정로제비앙3,4,AC완속,전라남도 목포시 양을로79번길 6(목포산정 대광로제비앙),24시간 이용가능,정,전라남도 목포시 양을로79번길 6 (산정동),126.38259744643231,34.80594183203339
목포석현동센트럴카운티 3차(입주민 전용),4,AC완속,전라남도 목포시 석현로45번길 22-10(1179 목포석현동라송센트럴카운티3차아파트),24시간 이용가능,정,전라남도 목포시 석현로45번길 22-10 (석현동),126.42667893509474,34.81800505567837
에코호텔,2,AC완속,전라남도 목포시 비파로124번길 11,24시간 이용가능,정,전라남도 목포시 비파로124번길 11 (상동),126.42393012315763,34.809632687750856
목포석현동센트럴카운티 5차(입주민 전용),3,AC완속,전라남도 목포시 영산로 648-24(라송센트럴카운티5차 아파트),24시간 이용가능,정,전라남도 목포시 영산로 648-24 (석현동),126.42654329138014,34.82025183572888
서희스타힐스,5,AC완속,전라남도 목포시 영산로 719-29(목포석현 서희스타힐스),00:00~24:00,정,전라남도 목포시 영산로 719-29 (석현동),126.41839315397442,34.826167032382834
전남목포 신안인스빌,4,AC완속,전라남도 목포시 삼학로 363(126 신안인스빌아파트),24시간 이용가능,정,전라남도 목포시 삼학로 363 (용해동),126.40693889551986,34.80381034920304
빅토리아모텔,2,AC완속,전라남도 목포시 하당남부로61번길 22(상동)(상동 1009-4),24시간 이용가능,정,전라남도 목포시 하당남부로61번길 22 (상동),126.42967031643128,34.80208634479725
전남목포 산정로제비앙3,3,AC완속,전라남도 목포시 양을로79번길 6(목포산정 대광로제비앙),24시간 이용가능,정,전라남도 목포시 양을로79번길 6 (산정동),126.38259744643231,34.80594183203339
전남목포 용해동아아파트7동,2,AC완속,전라남도 목포시 삼학로 303-37동 B1,"24시간 이용가능,입주민만 사용가능 거주자외출입제한",유,전라남도 목포시 삼학로 303-3 (용해동),126.40700140420867,34.79704623612629
전남목포 신안비치2차아파트,4,AC완속,전라남도 목포시 고하대로 641-10지상주차장 화단,"24시간 이용가능,입주민만 사용가능 거주자외출입제한",정,전라남도 목포시 고하대로 641-10 (산정동),126.36897165249515,34.80661305593031
현대 목포지점(현대차 전용),1,DC콤보,전라남도 목포시 남악로 123(옥암동 1363-5),24시간 이용가능,정,전라남도 목포시 남악로 123 (옥암동),126.4520287311307,34.80563985502527
스카이모텔,1,AC완속,전라남도 목포시 신흥로59번길 15,24시간 이용가능,정,전라남도 목포시 신흥로59번길 15 (상동),126.42596126973595,34.80514565478246
대양파크모텔,1,AC완속,전라남도 목포시 삼학로18번길 17대양파크모텔,24시간 이용가능,정,전라남도 목포시 삼학로18번길 17 (호남동),126.38918185530669,34.78965763927817
석현현대,2,AC완속,전라남도 목포시 영산로 676-7석현현대(532-2 현대아파트),08:00~20:00,정,전라남도 목포시 영산로 676-7 (석현동),126.4248331244158,34.82533863664472
하당현대2차,6,AC완속,전라남도 목포시 삼향천로91번길 21(992 하당2차현대아파트),00:00~24:00,정,전라남도 목포시 삼향천로91번길 21 (옥암동),126.42991398467933,34.80694964927182
전남목포 신안인스빌아파트107동,5,AC완속,전라남도 목포시 삼학로 363107동B1-A13기둥,"24시간 이용가능,입주민만 사용가능 거주자외출입제한",유,전라남도 목포시 삼학로 390 (용해동),126.40958070847293,34.80549591331697
전남목포 산정로제비앙1,1,AC완속,전라남도 목포시 양을로79번길 6(목포산정 대광로제비앙),24시간 이용가능,정,전라남도 목포시 양을로79번길 6 (산정동),126.38259744643231,34.80594183203339
전남목포 신안비치2차아파트,3,AC완속,전라남도 목포시 고하대로 641-10지상주차장 화단,"24시간 이용가능,입주민만 사용가능 거주자외출입제한",정,전라남도 목포시 고하대로 641-10 (산정동),126.36897165249515,34.80661305593031
전남목포 우미오션빌601동,3,AC완속,전라남도 목포시 평화로107번길 16601동 B1,"24시간 이용가능,입주민만 사용가능 거주자외출입제한",유,전라남도 목포시 평화로107번길 27 (상동),126.43411759552005,34.80040399884976
H모텔,2,AC완속,전라남도 목포시 비파로124번길 16-1(상동)(상동 855-6),24시간 이용가능,정,전라남도 목포시 비파로124번길 16-1 (상동),126.42457364615973,34.809378682748445
삼학119안전센타,1,AC완속,전라남도 목포시 삼학로 218(산정동)(1422-3 삼학119안전센터),24시간 이용가능,정,전라남도 목포시 삼학로 218 (산정동),126.40676093387512,34.79017209011387
대양파크모텔,2,AC완속,전라남도 목포시 삼학로18번길 17대양파크모텔,24시간 이용가능,정,전라남도 목포시 삼학로18번길 17 (호남동),126.38918185530669,34.78965763927817
전기안전공사 전남서부지사,1,AC완속,전라남도 목포시 호남로 72B1층 기계실 입구 벽면,"평일 09시~18시 이용가능, 주말/공휴일 이용불가",정,전라남도 목포시 호남로 72 (호남동),126.386397325461,34.79388378022768
전남목포 신안인스빌아파트107동,1,AC완속,전라남도 목포시 삼학로 363107동B1-A13기둥,"24시간 이용가능,입주민만 사용가능 거주자외출입제한",유,전라남도 목포시 삼학로 390 (용해동),126.40958070847293,34.80549591331697
전남목포 옥암펠리시아아파트1,2,AC완속,전라남도 목포시 하당로289번길 7(1058-13 옥암펠리시아),24시간 이용가능,정,전라남도 목포시 하당로289번길 7 (옥암동),126.42664791731664,34.811924510223854
전남목포 산정로제비앙1,2,AC완속,전라남도 목포시 양을로79번길 6(목포산정 대광로제비앙),24시간 이용가능,정,전라남도 목포시 양을로79번길 6 (산정동),126.38259744643231,34.80594183203339
전남목포 종원나이스빌106동,2,AC완속,전라남도 목포시 양을로 1215주차장 1층 106동 기둥08,"24시간 이용가능,입주민만 사용가능 거주자외출입제한",유,전라남도 목포시 양을로 534 (상동),126.42368627977436,34.81056921792472
전남목포 신안인스빌아파트101동,4,AC완속,전라남도 목포시 삼학로 363101동B2-A02기둥,"24시간 이용가능,입주민만 사용가능 거주자외출입제한",유,전라남도 목포시 삼학로 390 (용해동),126.40958070847293,34.80549591331697
석현현대,3,AC완속,전라남도 목포시 영산로 676-7석현현대(532-2 현대아파트),08:00~20:00,정,전라남도 목포시 영산로 676-7 (석현동),126.4248331244158,34.82533863664472
목포소방서,2,AC완속,전라남도 목포시 삼향천로 110(옥암동)(974 목포소방서),24시간 이용가능,정,전라남도 목포시 삼향천로 110 (옥암동),126.43025129877573,34.809949022216955
삼학119안전센타,2,AC완속,전라남도 목포시 삼학로 218(산정동)(1422-3 삼학119안전센터),24시간 이용가능,정,전라남도 목포시 삼학로 218 (산정동),126.40676093387512,34.79017209011387
전남목포 산정로제비앙3,5,AC완속,전라남도 목포시 양을로79번길 6(목포산정 대광로제비앙),24시간 이용가능,정,전라남도 목포시 양을로79번길 6 (산정동),126.38259744643231,34.80594183203339
전남목포 연산주공5단지아파트2,3,AC완속,전라남도 목포시 원산중앙로 109-1(1261 연산주공5단지아파트),24시간 이용가능,정,전라남도 목포시 원산중앙로 109-1 (연산동),126.38244661326634,34.81359147481963
전남목포 우미오션빌,4,AC완속,전라남도 목포시 평화로107번길 16(1097 우미오션빌),24시간 이용가능,정,전라남도 목포시 평화로107번길 16 (옥암동),126.43585410201099,34.79928753867875
전남목포 삼성아파트 1주차장,1,AC완속,전라남도 목포시 부흥로 12(1018 삼성아파트),24시간 이용가능,정,전라남도 목포시 부흥로 12 (상동),126.42303375468055,34.7993794459127
전남목포 하당동아아파트 101동,1,AC완속,전라남도 목포시 신흥로45번길 13101동 2호앞 지상주차장,"24시간 이용가능,입주민만 사용가능 거주자외출입제한",유,전라남도 목포시 신흥로45번길 24 (상동),126.42465668375095,34.805174710185334
전기안전공사 전남서부지사,2,AC완속,전라남도 목포시 호남로 72B1층 기계실 입구 벽면,"평일 09시~18시 이용가능, 주말/공휴일 이용불가",정,전라남도 목포시 호남로 72 (호남동),126.386397325461,34.79388378022768
서희스타힐스,6,AC완속,전라남도 목포시 영산로 719-29(목포석현 서희스타힐스),00:00~24:00,정,전라남도 목포시 영산로 719-29 (석현동),126.41839315397442,34.826167032382834
하당현대2차,1,AC완속,전라남도 목포시 삼향천로91번길 21(992 하당2차현대아파트),00:00~24:00,정,전라남도 목포시 삼향천로91번길 21 (옥암동),126.42991398467933,34.80694964927182
전남목포 산정로제비앙2,3,AC완속,전라남도 목포시 양을로79번길 6(목포산정 대광로제비앙),24시간 이용가능,정,전라남도 목포시 양을로79번길 6 (산정동),126.38259744643231,34.80594183203339
전남목포 연산주공5단지아파트2,2,AC완속,전라남도 목포시 원산중앙로 109-1(1261 연산주공5단지아파트),24시간 이용가능,정,전라남도 목포시 원산중앙로 109-1 (연산동),126.38244661326634,34.81359147481963
전남목포 신안인스빌,1,AC완속,전라남도 목포시 삼학로 363(126 신안인스빌아파트),24시간 이용가능,정,전라남도 목포시 삼학로 363 (용해동),126.40693889551986,34.80381034920304
전남목포 용해동아아파트8동,2,AC완속,전라남도 목포시 삼학로 303-38동 B1,"24시간 이용가능,입주민만 사용가능 거주자외출입제한",유,전라남도 목포시 삼학로 303-3 (용해동),126.40700140420867,34.79704623612629
전남목포 종원나이스빌102동,1,AC완속,전라남도 목포시 양을로 1213주차장 102동 기둥10,"24시간 이용가능,입주민만 사용가능 거주자외출입제한",유,전라남도 목포시 양을로 534 (상동),126.42368627977436,34.81056921792472
한국농어촌공사영산강사업단,1,AC완속,전라남도 목포시 영산로 463(상동)(상동 509),24시간 이용가능,정,전라남도 목포시 영산로 463 (상동),126.41501522848978,34.80862295007461
전남목포 한라비발디,5,AC완속,전라남도 목포시 남악2로22번길 10옥외지상주차장,"24시간 이용가능,입주민만 사용가능 거주자외출입제한",정,전라남도 목포시 남악2로22번길 10 (옥암동),126.45385935308407,34.80711819708108
전남목포 근화희망타운1차아파트,1,AC완속,전라남도 목포시 산양로 40103동앞(75-1 근화희망타운아파트 103동앞),24시간 이용가능,유,전라남도 목포시 산양로 66 (대양동),126.42954589067335,34.837221506227614
전남목포 산정로제비앙2,4,AC완속,전라남도 목포시 양을로79번길 6(목포산정 대광로제비앙),24시간 이용가능,정,전라남도 목포시 양을로79번길 6 (산정동),126.38259744643231,34.80594183203339
전남목포 삼성아파트 2주차장,2,AC완속,전라남도 목포시 부흥로 12(1018 삼성아파트),24시간 이용가능,정,전라남도 목포시 부흥로 12 (상동),126.42303375468055,34.7993794459127
전남목포 신안인스빌,2,AC완속,전라남도 목포시 삼학로 363(126 신안인스빌아파트),24시간 이용가능,정,전라남도 목포시 삼학로 363 (용해동),126.40693889551986,34.80381034920304
전남목포 용해동아아파트8동,1,AC완속,전라남도 목포시 삼학로 303-38동 B1,"24시간 이용가능,입주민만 사용가능 거주자외출입제한",유,전라남도 목포시 삼학로 303-3 (용해동),126.40700140420867,34.79704623612629
전남목포 신안인스빌아파트107동,2,AC완속,전라남도 목포시 삼학로 363107동B1-A13기둥,"24시간 이용가능,입주민만 사용가능 거주자외출입제한",유,전라남도 목포시 삼학로 390 (용해동),126.40958070847293,34.80549591331697
전남목포 우미오션빌605동,2,AC완속,전라남도 목포시 평화로107번길 16605동 B1,"24시간 이용가능,입주민만 사용가능 거주자외출입제한",유,전라남도 목포시 평화로107번길 27 (상동),126.43411759552005,34.80040399884976
전남목포 코아루천년가아파트,5,AC완속,전라남도 목포시 남악1로16번길 43-14(코아루 천년가아파트),24시간 이용가능,정,전라남도 목포시 남악1로16번길 43-14 (옥암동),126.45237894739371,34.80764829583275
전남목포 한라비발디3,5,AC완속,전라남도 목포시 남악2로22번길 10(1321 한라비발디),24시간 이용가능,정,전라남도 목포시 남악2로22번길 10 (옥암동),126.45385935308407,34.80711819708108
전남목포 산정로제비앙2,1,AC완속,전라남도 목포시 양을로79번길 6(목포산정 대광로제비앙),24시간 이용가능,정,전라남도 목포시 양을로79번길 6 (산정동),126.38259744643231,34.80594183203339
전남목포 신안인스빌,5,AC완속,전라남도 목포시 삼학로 363(126 신안인스빌아파트),24시간 이용가능,정,전라남도 목포시 삼학로 363 (용해동),126.40693889551986,34.80381034920304
전남목포 삼성아파트 2주차장,3,AC완속,전라남도 목포시 부흥로 12(1018 삼성아파트),24시간 이용가능,정,전라남도 목포시 부흥로 12 (상동),126.42303375468055,34.7993794459127
전남목포 신안인스빌아파트107동,3,AC완속,전라남도 목포시 삼학로 363107동B1-A13기둥,"24시간 이용가능,입주민만 사용가능 거주자외출입제한",유,전라남도 목포시 삼학로 390 (용해동),126.40958070847293,34.80549591331697
전남목포 연산주공5단지아파트3,1,AC완속,전라남도 목포시 원산중앙로 109-1(1261 연산주공5단지아파트),24시간 이용가능,정,전라남도 목포시 원산중앙로 109-1 (연산동),126.38244661326634,34.81359147481963
전남목포 우미오션빌605동,1,AC완속,전라남도 목포시 평화로107번길 16605동 B1,"24시간 이용가능,입주민만 사용가능 거주자외출입제한",유,전라남도 목포시 평화로107번길 27 (상동),126.43411759552005,34.80040399884976
전남목포 코아루천년가아파트,1,AC완속,전라남도 목포시 남악1로16번길 43-14(코아루 천년가아파트),24시간 이용가능,정,전라남도 목포시 남악1로16번길 43-14 (옥암동),126.45237894739371,34.80764829583275
목포해양대학교 신축건물,3,AC완속,전라남도 목포시 해양대학로 91목포해양대학교 신축건물(562-84 해양대학교),24시간 이용가능,정,전라남도 목포시 해양대학로 91 (죽교동),126.36161751385048,34.798343414894
전남목포 한라비발디,1,AC완속,전라남도 목포시 남악2로22번길 10옥외지상주차장,"24시간 이용가능,입주민만 사용가능 거주자외출입제한",정,전라남도 목포시 남악2로22번길 10 (옥암동),126.45385935308407,34.80711819708108
전남목포 산정로제비앙3,1,AC완속,전라남도 목포시 양을로79번길 6(목포산정 대광로제비앙),24시간 이용가능,정,전라남도 목포시 양을로79번길 6 (산정동),126.38259744643231,34.80594183203339
전남목포 삼성아파트 1주차장,2,AC완속,전라남도 목포시 부흥로 12(1018 삼성아파트),24시간 이용가능,정,전라남도 목포시 부흥로 12 (상동),126.42303375468055,34.7993794459127
전남목포 신안인스빌아파트101동,1,AC완속,전라남도 목포시 삼학로 363101동B2-A02기둥,"24시간 이용가능,입주민만 사용가능 거주자외출입제한",유,전라남도 목포시 삼학로 390 (용해동),126.40958070847293,34.80549591331697
전남목포 연산주공5단지아파트1,1,AC완속,전라남도 목포시 원산중앙로 109-1(1261 연산주공5단지아파트),24시간 이용가능,정,전라남도 목포시 원산중앙로 109-1 (연산동),126.38244661326634,34.81359147481963
전남목포 종원나이스빌106동,3,AC완속,전라남도 목포시 양을로 1215주차장 1층 106동 기둥08,"24시간 이용가능,입주민만 사용가능 거주자외출입제한",유,전라남도 목포시 양을로 534 (상동),126.42368627977436,34.81056921792472
전남목포 우미오션빌,1,AC완속,전라남도 목포시 평화로107번길 16(1097 우미오션빌),24시간 이용가능,정,전라남도 목포시 평화로107번길 16 (옥암동),126.43585410201099,34.79928753867875
전남목포 하당동아아파트 101동,3,AC완속,전라남도 목포시 신흥로45번길 13101동 2호앞 지상주차장,"24시간 이용가능,입주민만 사용가능 거주자외출입제한",유,전라남도 목포시 신흥로45번길 24 (상동),126.42465668375095,34.805174710185334
용해지구 목포어울림도서관,2,DC차데모+AC3상+DC콤보,전라남도 목포시 용해지구로 31목포어울림도서관(용해동 997-1),09:00~1800,정,전라남도 목포시 용해지구로 31 (용해동),126.39592426427706,34.81685158159097
전남목포 한라비발디3,1,AC완속,전라남도 목포시 남악2로22번길 10(1321 한라비발디),24시간 이용가능,정,전라남도 목포시 남악2로22번길 10 (옥암동),126.45385935308407,34.80711819708108
전남목포 신안비치2차아파트,1,AC완속,전라남도 목포시 고하대로 641-10지상주차장 화단,"24시간 이용가능,입주민만 사용가능 거주자외출입제한",정,전라남도 목포시 고하대로 641-10 (산정동),126.36897165249515,34.80661305593031
전남목포 신안인스빌,3,AC완속,전라남도 목포시 삼학로 363(126 신안인스빌아파트),24시간 이용가능,정,전라남도 목포시 삼학로 363 (용해동),126.40693889551986,34.80381034920304
전남목포 연산주공5단지아파트3,2,AC완속,전라남도 목포시 원산중앙로 109-1(1261 연산주공5단지아파트),24시간 이용가능,정,전라남도 목포시 원산중앙로 109-1 (연산동),126.38244661326634,34.81359147481963
전남목포 옥암펠리시아아파트2,1,AC완속,전라남도 목포시 하당로289번길 7(1058-13 옥암펠리시아),24시간 이용가능,정,전라남도 목포시 하당로289번길 7 (옥암동),126.42664791731664,34.811924510223854
전남목포 우미오션빌605동,3,AC완속,전라남도 목포시 평화로107번길 16605동 B1,"24시간 이용가능,입주민만 사용가능 거주자외출입제한",유,전라남도 목포시 평화로107번길 27 (상동),126.43411759552005,34.80040399884976
전남목포 하당동아아파트 101동,2,AC완속,전라남도 목포시 신흥로45번길 13101동 2호앞 지상주차장,"24시간 이용가능,입주민만 사용가능 거주자외출입제한",유,전라남도 목포시 신흥로45번길 24 (상동),126.42465668375095,34.805174710185334
전남목포 한라비발디2,2,AC완속,전라남도 목포시 남악2로22번길 10(1321 한라비발디),24시간 이용가능,정,전라남도 목포시 남악2로22번길 10 (옥암동),126.45385935308407,34.80711819708108
목포 광신프로그레스,3,AC완속,전라남도 목포시 영산로565번길 231~5구역 주차장,24시간 이용가능,유,전라남도 목포시 영산로565번길 23 (상동),126.41796440954118,34.81563119578358
목포세무서,1,DC콤보,전라남도 목포시 호남로58번길 19목포세무서(대안동 3-2),09:00~18:00,정,전라남도 목포시 호남로58번길 19 (대안동),126.38483740875155,34.793080496002325
전남목포 신안인스빌아파트101동,2,AC완속,전라남도 목포시 삼학로 363101동B2-A02기둥,"24시간 이용가능,입주민만 사용가능 거주자외출입제한",유,전라남도 목포시 삼학로 390 (용해동),126.40958070847293,34.80549591331697
전남목포 신안인스빌아파트107동,4,AC완속,전라남도 목포시 삼학로 363107동B1-A13기둥,"24시간 이용가능,입주민만 사용가능 거주자외출입제한",유,전라남도 목포시 삼학로 390 (용해동),126.40958070847293,34.80549591331697
전남목포 연산주공5단지아파트1,2,AC완속,전라남도 목포시 원산중앙로 109-1(1261 연산주공5단지아파트),24시간 이용가능,정,전라남도 목포시 원산중앙로 109-1 (연산동),126.38244661326634,34.81359147481963
전남목포 우미오션빌,2,AC완속,전라남도 목포시 평화로107번길 16(1097 우미오션빌),24시간 이용가능,정,전라남도 목포시 평화로107번길 16 (옥암동),126.43585410201099,34.79928753867875
전남목포 코아루천년가아파트,2,AC완속,전라남도 목포시 남악1로16번길 43-14(코아루 천년가아파트),24시간 이용가능,정,전라남도 목포시 남악1로16번길 43-14 (옥암동),126.45237894739371,34.80764829583275
전남목포 한라비발디2,1,AC완속,전라남도 목포시 남악2로22번길 10(1321 한라비발디),24시간 이용가능,정,전라남도 목포시 남악2로22번길 10 (옥암동),126.45385935308407,34.80711819708108
목포해양대학교 해양공학관A9동,3,AC완속,전라남도 목포시 해양대학로 91목포해양대학교 해양공학관A9동(562-84 해양대학교),24시간 이용가능,정,전라남도 목포시 해양대학로 91 (죽교동),126.36161751385048,34.798343414894
목포 새한의료재단 목포성심요양병원,1,AC완속,전라남도 목포시 영산로844번길 133동 주차장,24시간 이용가능,유,전라남도 목포시 영산로844번길 16 (대양동),126.424075117921,34.83720840376284
전남목포 옥암펠리시아아파트1,1,AC완속,전라남도 목포시 하당로289번길 7(1058-13 옥암펠리시아),24시간 이용가능,정,전라남도 목포시 하당로289번길 7 (옥암동),126.42664791731664,34.811924510223854
전남목포 연산주공5단지아파트1,3,AC완속,전라남도 목포시 원산중앙로 109-1(1261 연산주공5단지아파트),24시간 이용가능,정,전라남도 목포시 원산중앙로 109-1 (연산동),126.38244661326634,34.81359147481963
전남목포 우미오션빌,5,AC완속,전라남도 목포시 평화로107번길 16(1097 우미오션빌),24시간 이용가능,정,전라남도 목포시 평화로107번길 16 (옥암동),126.43585410201099,34.79928753867875
전남목포 종원나이스빌101동,1,AC완속,전라남도 목포시 양을로 1211주차장 1층 101동 기둥2-3,"24시간 이용가능,입주민만 사용가능 거주자외출입제한",유,전라남도 목포시 양을로 534 (상동),126.42368627977436,34.81056921792472
전남목포 한라비발디4,2,AC완속,전라남도 목포시 남악2로22번길 10(1321 한라비발디),24시간 이용가능,정,전라남도 목포시 남악2로22번길 10 (옥암동),126.45385935308407,34.80711819708108
전남목포 하당동아아파트 108동,1,AC완속,전라남도 목포시 신흥로45번길 13108동앞 지상주차장,"24시간 이용가능,입주민만 사용가능 거주자외출입제한",유,전라남도 목포시 신흥로45번길 24 (상동),126.42465668375095,34.805174710185334
목포 500호모텔,1,AC완속,전라남도 목포시 평화로140번길 22옥내주차장,24시간 이용가능/시설 상황에 따라 이용이 제한될 수 있습니다,정,전라남도 목포시 평화로140번길 22 (옥암동),126.43691550773288,34.80175941076788
옥암골드클래스,1,AC완속,전라남도 목포시 남악1로16번길 10,24시간 이용가능,정,전라남도 목포시 남악1로16번길 10 (옥암동),126.44937178797593,34.806412260566084
전남목포 옥암펠리시아아파트2,2,AC완속,전라남도 목포시 하당로289번길 7(1058-13 옥암펠리시아),24시간 이용가능,정,전라남도 목포시 하당로289번길 7 (옥암동),126.42664791731664,34.811924510223854
전남목포 용해동아아파트7동,1,AC완속,전라남도 목포시 삼학로 303-37동 B1,"24시간 이용가능,입주민만 사용가능 거주자외출입제한",유,전라남도 목포시 삼학로 303-3 (용해동),126.40700140420867,34.79704623612629
전남목포 우미오션빌,3,AC완속,전라남도 목포시 평화로107번길 16(1097 우미오션빌),24시간 이용가능,정,전라남도 목포시 평화로107번길 16 (옥암동),126.43585410201099,34.79928753867875
전남목포 종원나이스빌103동,1,AC완속,전라남도 목포시 양을로 1212주차장 1층 103동 기둥01,"24시간 이용가능,입주민만 사용가능 거주자외출입제한",유,전라남도 목포시 양을로 534 (상동),126.42368627977436,34.81056921792472
전남목포 코아루천년가아파트,3,AC완속,전라남도 목포시 남악1로16번길 43-14(코아루 천년가아파트),24시간 이용가능,정,전라남도 목포시 남악1로16번길 43-14 (옥암동),126.45237894739371,34.80764829583275
전남목포 한라비발디4,1,AC완속,전라남도 목포시 남악2로22번길 10(1321 한라비발디),24시간 이용가능,정,전라남도 목포시 남악2로22번길 10 (옥암동),126.45385935308407,34.80711819708108
목포 광신프로그레스,9,AC완속,전라남도 목포시 영산로565번길 231~5구역 주차장,24시간 이용가능,유,전라남도 목포시 영산로565번길 23 (상동),126.41796440954118,34.81563119578358
목포해양대학교 제2공학관B2동,2,AC완속,전라남도 목포시 해양대학로 91목포해양대학교 제2공학관B2동(562-84 해양대학교),24시간 이용가능,정,전라남도 목포시 해양대학로 91 (죽교동),126.36161751385048,34.798343414894
하당프라임아너팰리스/유한회사 프라임디앤씨,3,AC완속,전라남도 목포시 부흥로 69(1002-5 프라임아너팰리스),24시간 이용가능,정,전라남도 목포시 부흥로 69 (상동),126.42842021578177,34.803179947591325
전남목포 우미오션빌601동,1,AC완속,전라남도 목포시 평화로107번길 16601동 B1,"24시간 이용가능,입주민만 사용가능 거주자외출입제한",유,전라남도 목포시 평화로107번길 27 (상동),126.43411759552005,34.80040399884976
전남목포 종원나이스빌101동,2,AC완속,전라남도 목포시 양을로 1211주차장 1층 101동 기둥2-3,"24시간 이용가능,입주민만 사용가능 거주자외출입제한",유,전라남도 목포시 양을로 534 (상동),126.42368627977436,34.81056921792472
전남목포 하당5차우미파크빌,1,AC완속,전라남도 목포시 평화로20번길 11503동B1-A주차장,"24시간 이용가능,입주민만 사용가능 거주자외출입제한",유,전라남도 목포시 평화로20번길 16 (상동),126.42690552373412,34.795804970998084
전남목포 하당동아아파트 108동,2,AC완속,전라남도 목포시 신흥로45번길 13108동앞 지상주차장,"24시간 이용가능,입주민만 사용가능 거주자외출입제한",유,전라남도 목포시 신흥로45번길 24 (상동),126.42465668375095,34.805174710185334
전남목포 한라비발디2,3,AC완속,전라남도 목포시 남악2로22번길 10(1321 한라비발디),24시간 이용가능,정,전라남도 목포시 남악2로22번길 10 (옥암동),126.45385935308407,34.80711819708108
목포해양대학교 제2공학관B2동,1,AC완속,전라남도 목포시 해양대학로 91목포해양대학교 제2공학관B2동(562-84 해양대학교),24시간 이용가능,정,전라남도 목포시 해양대학로 91 (죽교동),126.36161751385048,34.798343414894
백련지구천년가-102동,1,AC완속,"전라남도 목포시 연산백련로1번길 79102동 A 27,34",24시간 이용가능,유,전라남도 목포시 연산백련로1번길 116 (연산동),126.39108594686793,34.82004562630461
현대자동차 상동대리점,1,AC완속,전라남도 목포시 통일대로 107현대자동차 상동대리점(옥암동 1038-5),09:00~18:00,정,전라남도 목포시 통일대로 107 (옥암동),126.4353501967903,34.80202255377881
빅토리아 모텔,1,AC완속,전라남도 목포시 하당남부로61번길 22옥외주차장 우측 건물 벽면(상동 1009-4),24시간 이용가능,정,전라남도 목포시 하당남부로61번길 22 (상동),126.42967031643128,34.80208634479725
전남목포 우미오션빌601동,2,AC완속,전라남도 목포시 평화로107번길 16601동 B1,"24시간 이용가능,입주민만 사용가능 거주자외출입제한",유,전라남도 목포시 평화로107번길 27 (상동),126.43411759552005,34.80040399884976
전남목포 종원나이스빌104동,1,AC완속,전라남도 목포시 양을로 1214주차장 104동 기둥07,"24시간 이용가능,입주민만 사용가능 거주자외출입제한",유,전라남도 목포시 양을로 534 (상동),126.42368627977436,34.81056921792472
전남목포 코아루천년가아파트,4,AC완속,전라남도 목포시 남악1로16번길 43-14(코아루 천년가아파트),24시간 이용가능,정,전라남도 목포시 남악1로16번길 43-14 (옥암동),126.45237894739371,34.80764829583275
전남목포 한라비발디2,4,AC완속,전라남도 목포시 남악2로22번길 10(1321 한라비발디),24시간 이용가능,정,전라남도 목포시 남악2로22번길 10 (옥암동),126.45385935308407,34.80711819708108
전남목포 한라비발디,2,AC완속,전라남도 목포시 남악2로22번길 10옥외지상주차장,"24시간 이용가능,입주민만 사용가능 거주자외출입제한",정,전라남도 목포시 남악2로22번길 10 (옥암동),126.45385935308407,34.80711819708108
한국전기안전공사 전남서부지사,1,AC완속,전라남도 목포시 호남로 72한국전기안전공사 전남서부지사(호남동 10-50),10:00~18:00,정,전라남도 목포시 호남로 72 (호남동),126.386397325461,34.79388378022768
옥암골드클래스,7,AC완속,전라남도 목포시 남악1로16번길 10,24시간 이용가능,정,전라남도 목포시 남악1로16번길 10 (옥암동),126.44937178797593,34.806412260566084
목포 광신프로그레스,5,AC완속,전라남도 목포시 영산로565번길 231~5구역 주차장,24시간 이용가능,유,전라남도 목포시 영산로565번길 23 (상동),126.41796440954118,34.81563119578358
궁무인호텔,1,AC완속,전라남도 목포시 신항로276번길 42궁무인호텔,24시간 이용가능,정,전라남도 목포시 신항로276번길 42 (달동),126.35718265440015,34.75618909538071
전남목포 종원나이스빌106동,1,AC완속,전라남도 목포시 양을로 1215주차장 1층 106동 기둥08,"24시간 이용가능,입주민만 사용가능 거주자외출입제한",유,전라남도 목포시 양을로 534 (상동),126.42368627977436,34.81056921792472
전남목포 하당5차우미파크빌,2,AC완속,전라남도 목포시 평화로20번길 11503동B1-A주차장,"24시간 이용가능,입주민만 사용가능 거주자외출입제한",유,전라남도 목포시 평화로20번길 16 (상동),126.42690552373412,34.795804970998084
전남목포 한라비발디4,3,AC완속,전라남도 목포시 남악2로22번길 10(1321 한라비발디),24시간 이용가능,정,전라남도 목포시 남악2로22번길 10 (옥암동),126.45385935308407,34.80711819708108
전남목포 하당동아아파트 108동,3,AC완속,전라남도 목포시 신흥로45번길 13108동앞 지상주차장,"24시간 이용가능,입주민만 사용가능 거주자외출입제한",유,전라남도 목포시 신흥로45번길 24 (상동),126.42465668375095,34.805174710185334
목포가족관광호텔,1,AC완속,전라남도 목포시 호남로64번길 28지하주차장 졍면 우측 벽면(대안동 12-1),24시간 이용가능,정,전라남도 목포시 호남로64번길 28 (대안동),126.38464683777947,34.79202103806732
목포 광신프로그레스,4,AC완속,전라남도 목포시 영산로565번길 231~5구역 주차장,24시간 이용가능,유,전라남도 목포시 영산로565번길 23 (상동),126.41796440954118,34.81563119578358
목포무인호텔,2,AC완속,전라남도 목포시 번화로 82목포무인호텔,24시간 이용가능,정,전라남도 목포시 번화로 82 (축복동3가),126.38725609793451,34.78849306537139
목포주원병원,1,AC완속,전라남도 목포시 산계길 4-9주차장,24시간 이용가능,정,전라남도 목포시 산계길 4-9 (대양동),126.42561634421789,34.83848262148957
전남목포 하당5차우미파크빌,3,AC완속,전라남도 목포시 평화로20번길 11503동B1-A주차장,"24시간 이용가능,입주민만 사용가능 거주자외출입제한",유,전라남도 목포시 평화로20번길 16 (상동),126.42690552373412,34.795804970998084
전남목포 한라비발디,3,AC완속,전라남도 목포시 남악2로22번길 10옥외지상주차장,"24시간 이용가능,입주민만 사용가능 거주자외출입제한",정,전라남도 목포시 남악2로22번길 10 (옥암동),126.45385935308407,34.80711819708108
전남목포 한라비발디4,4,AC완속,전라남도 목포시 남악2로22번길 10(1321 한라비발디),24시간 이용가능,정,전라남도 목포시 남악2로22번길 10 (옥암동),126.45385935308407,34.80711819708108
목포해양대학교 제2공학관B2동,3,AC완속,전라남도 목포시 해양대학로 91목포해양대학교 제2공학관B2동(562-84 해양대학교),24시간 이용가능,정,전라남도 목포시 해양대학로 91 (죽교동),126.36161751385048,34.798343414894
목포 새한의료재단 목포성심요양병원,2,AC완속,전라남도 목포시 영산로844번길 133동 주차장,24시간 이용가능,유,전라남도 목포시 영산로844번길 16 (대양동),126.424075117921,34.83720840376284
청호시장,1,AC완속,전라남도 목포시 석현로 28주차장,24시간 이용가능,정,전라남도 목포시 석현로 28 (석현동),126.42468137348463,34.81544277512726
윈저호텔,2,AC완속,전라남도 목포시 통일대로 16윈저호텔,24시간 이용가능,정,전라남도 목포시 통일대로 16 (상동),126.42683858822717,34.79742747455293
옥암골드클래스,3,AC완속,전라남도 목포시 남악1로16번길 10,24시간 이용가능,정,전라남도 목포시 남악1로16번길 10 (옥암동),126.44937178797593,34.806412260566084
전남목포 한라비발디,4,AC완속,전라남도 목포시 남악2로22번길 10옥외지상주차장,"24시간 이용가능,입주민만 사용가능 거주자외출입제한",정,전라남도 목포시 남악2로22번길 10 (옥암동),126.45385935308407,34.80711819708108
전남목포 한라비발디3,2,AC완속,전라남도 목포시 남악2로22번길 10(1321 한라비발디),24시간 이용가능,정,전라남도 목포시 남악2로22번길 10 (옥암동),126.45385935308407,34.80711819708108
목포해양대학교 해양공학관A9동,1,AC완속,전라남도 목포시 해양대학로 91목포해양대학교 해양공학관A9동(562-84 해양대학교),24시간 이용가능,정,전라남도 목포시 해양대학로 91 (죽교동),126.36161751385048,34.798343414894
재단법인전남테크노파크(세라믹산업센터),1,AC완속,전라남도 목포시 대양로 26(1998 전남테크노파크),24시간 이용가능,정,전라남도 목포시 대양로 26 (연산동),126.38238552325653,34.82067295295518
대성종합정비공업사,2,AC완속,전라남도 목포시 고하대로 801대성종합정비공업사,24시간 이용가능,정,전라남도 목포시 고하대로 801 (연산동),126.38135247381693,34.81583569848772
옥암골드클래스,2,AC완속,전라남도 목포시 남악1로16번길 10,24시간 이용가능,정,전라남도 목포시 남악1로16번길 10 (옥암동),126.44937178797593,34.806412260566084
골드디움5차아파트,5,AC완속,전라남도 목포시 용해지구로88번길 23골드디움5차아파트(1042 골드디움5차아파트),09:00~18:00,정,전라남도 목포시 용해지구로88번길 23 (용해동),126.39440102318456,34.820661910456366
하당프라임아너팰리스/유한회사 프라임디앤씨,5,AC완속,전라남도 목포시 부흥로 69(1002-5 프라임아너팰리스),24시간 이용가능,정,전라남도 목포시 부흥로 69 (상동),126.42842021578177,34.803179947591325
전남목포 한라비발디2,5,AC완속,전라남도 목포시 남악2로22번길 10(1321 한라비발디),24시간 이용가능,정,전라남도 목포시 남악2로22번길 10 (옥암동),126.45385935308407,34.80711819708108
목포세무서,2,DC콤보,전라남도 목포시 호남로58번길 19목포세무서(대안동 3-2),09:00~18:00,정,전라남도 목포시 호남로58번길 19 (대안동),126.38483740875155,34.793080496002325
재단법인전남테크노파크(세라믹산업센터),2,AC완속,전라남도 목포시 대양로 26(1998 전남테크노파크),24시간 이용가능,정,전라남도 목포시 대양로 26 (연산동),126.38238552325653,34.82067295295518
목포 광신프로그레스,6,AC완속,전라남도 목포시 영산로565번길 231~5구역 주차장,24시간 이용가능,유,전라남도 목포시 영산로565번길 23 (상동),126.41796440954118,34.81563119578358
샤모텔,2,AC완속,전라남도 목포시 미항로 14샤모텔,24시간 이용가능,정,전라남도 목포시 미항로 14 (상동),126.42636417033715,34.79687143822131
근화블루빌아파트,3,AC완속,전라남도 목포시 텃골로13번길 32근화블루빌아파트(816-12 근화블루빌아파트),09:00~18:00,정,전라남도 목포시 텃골로13번길 32 (석현동),126.41976681016307,34.82007823937096
하당프라임아너팰리스/유한회사 프라임디앤씨,4,AC완속,전라남도 목포시 부흥로 69(1002-5 프라임아너팰리스),24시간 이용가능,정,전라남도 목포시 부흥로 69 (상동),126.42842021578177,34.803179947591325
시티 호텔,1,AC완속,전라남도 목포시 번영로 26주차장(상동 1010-2),24시간 이용가능,정,전라남도 목포시 번영로 26 (상동),126.42941758173957,34.8017982768808
전남목포 한라비발디3,3,AC완속,전라남도 목포시 남악2로22번길 10(1321 한라비발디),24시간 이용가능,정,전라남도 목포시 남악2로22번길 10 (옥암동),126.45385935308407,34.80711819708108
목포 광신프로그레스,7,AC완속,전라남도 목포시 영산로565번길 231~5구역 주차장,24시간 이용가능,유,전라남도 목포시 영산로565번길 23 (상동),126.41796440954118,34.81563119578358
에드가안채아파트,1,AC완속,전라남도 목포시 옥암로 177-1에드가안채아파트(1178 에드가안채),24시간 이용가능,정,전라남도 목포시 옥암로 177-1 (석현동),126.42144788374826,34.81383254485173
목포주원병원,2,AC완속,전라남도 목포시 산계길 4-9주차장,24시간 이용가능,정,전라남도 목포시 산계길 4-9 (대양동),126.42561634421789,34.83848262148957
골드디움5차아파트,1,AC완속,전라남도 목포시 용해지구로88번길 23골드디움5차아파트(1042 골드디움5차아파트),09:00~18:00,정,전라남도 목포시 용해지구로88번길 23 (용해동),126.39440102318456,34.820661910456366
하당 중흥s클래스 센텀뷰,2,AC완속,전라남도 목포시 비파로 96하당 중흥s클래스 센텀뷰(상동 860),09:00~18:00,정,전라남도 목포시 비파로 96 (상동),126.42524392398798,34.80676060868857
빅토리아 모텔,2,AC완속,전라남도 목포시 하당남부로61번길 22옥외주차장 우측 건물 벽면(상동 1009-4),24시간 이용가능,정,전라남도 목포시 하당남부로61번길 22 (상동),126.42967031643128,34.80208634479725
전남목포 한라비발디3,4,AC완속,전라남도 목포시 남악2로22번길 10(1321 한라비발디),24시간 이용가능,정,전라남도 목포시 남악2로22번길 10 (옥암동),126.45385935308407,34.80711819708108
그린카 목포점,1,AC완속,전라남도 목포시 호남동 101,24시간 이용가능,정,전라남도 목포시 호남동 101,126.38717940018608,34.79351624945713
목포해양대학교 신축건물,1,AC완속,전라남도 목포시 해양대학로 91목포해양대학교 신축건물(562-84 해양대학교),24시간 이용가능,정,전라남도 목포시 해양대학로 91 (죽교동),126.36161751385048,34.798343414894
전남 해양대학교 급속충전소(NEWK),1,DC콤보,전라남도 목포시 해양대학로 91(562-84 해양대학교),24시간 이용가능,정,전라남도 목포시 해양대학로 91 (죽교동),126.36161751385048,34.798343414894
목포 500호모텔,2,AC완속,전라남도 목포시 평화로140번길 22옥내주차장,24시간 이용가능/시설 상황에 따라 이용이 제한될 수 있습니다,정,전라남도 목포시 평화로140번길 22 (옥암동),126.43691550773288,34.80175941076788
옥암골드클래스,4,AC완속,전라남도 목포시 남악1로16번길 10,24시간 이용가능,정,전라남도 목포시 남악1로16번길 10 (옥암동),126.44937178797593,34.806412260566084
한울편안채 101동,1,AC완속,전라남도 목포시 신촌로 27-1한울편안채 101동(산정동 230),09:00~18:00,정,전라남도 목포시 신촌로 27-1 (산정동),126.38732231556051,34.80541614773039
골드디움5차아파트,11,AC완속,전라남도 목포시 용해지구로88번길 23골드디움5차아파트(1042 골드디움5차아파트),09:00~18:00,정,전라남도 목포시 용해지구로88번길 23 (용해동),126.39440102318456,34.820661910456366
궁무인호텔,2,AC완속,전라남도 목포시 신항로276번길 42궁무인호텔,24시간 이용가능,정,전라남도 목포시 신항로276번길 42 (달동),126.35718265440015,34.75618909538071
전남목포 한라비발디4,5,AC완속,전라남도 목포시 남악2로22번길 10(1321 한라비발디),24시간 이용가능,정,전라남도 목포시 남악2로22번길 10 (옥암동),126.45385935308407,34.80711819708108
목포무인호텔2,2,AC완속,전라남도 목포시 해안로249번길 26목포무인호텔2,24시간 이용가능,정,전라남도 목포시 해안로249번길 26 (보광동3가),126.38699477735507,34.78830492248278
목포해양대학교 신축건물,2,AC완속,전라남도 목포시 해양대학로 91목포해양대학교 신축건물(562-84 해양대학교),24시간 이용가능,정,전라남도 목포시 해양대학로 91 (죽교동),126.36161751385048,34.798343414894
에드가안채아파트,2,AC완속,전라남도 목포시 옥암로 177-1에드가안채아파트(1178 에드가안채),24시간 이용가능,정,전라남도 목포시 옥암로 177-1 (석현동),126.42144788374826,34.81383254485173
옥암골드클래스,5,AC완속,전라남도 목포시 남악1로16번길 10,24시간 이용가능,정,전라남도 목포시 남악1로16번길 10 (옥암동),126.44937178797593,34.806412260566084
목포 광신프로그레스,10,AC완속,전라남도 목포시 영산로565번길 231~5구역 주차장,24시간 이용가능,유,전라남도 목포시 영산로565번길 23 (상동),126.41796440954118,34.81563119578358
500호 모텔,1,AC완속,전라남도 목포시 평화로140번길 22전기차 충전소 주차장(옥암동 1092-4),24시간 이용가능,정,전라남도 목포시 평화로140번길 22 (옥암동),126.43691550773288,34.80175941076788
목포 근화희망타운3차아파트,1,AC완속,전라남도 목포시 산양로 50(75-18 근화희망타운3차아파트),24시간 이용가능,정,전라남도 목포시 산양로 50 (대양동),126.42904228985265,34.83629101367899
근화그린1차아파트,1,AC완속,전라남도 목포시 산정로 268-3(326-10 근화그린맨션),24시간 이용가능,정,전라남도 목포시 산정로 268-3 (산정동),126.38720456997048,34.811654022437104
목포해양대학교 해양공학관A9동,2,AC완속,전라남도 목포시 해양대학로 91목포해양대학교 해양공학관A9동(562-84 해양대학교),24시간 이용가능,정,전라남도 목포시 해양대학로 91 (죽교동),126.36161751385048,34.798343414894
목포무인호텔2,1,AC완속,전라남도 목포시 해안로249번길 26목포무인호텔2,24시간 이용가능,정,전라남도 목포시 해안로249번길 26 (보광동3가),126.38699477735507,34.78830492248278
테마,1,AC완속,전라남도 목포시 비파로108번길 15테마모텔,24시간 이용가능,정,전라남도 목포시 비파로108번길 15 (상동),126.42516109151545,34.808509208053984
용해지구 목포어울림도서관,1,AC완속,전라남도 목포시 용해지구로 31목포어울림도서관(용해동 997-1),09:00~1800,정,전라남도 목포시 용해지구로 31 (용해동),126.39592426427706,34.81685158159097
목포 광신프로그레스,1,AC완속,전라남도 목포시 영산로565번길 231~5구역 주차장,24시간 이용가능,유,전라남도 목포시 영산로565번길 23 (상동),126.41796440954118,34.81563119578358
백련지구천년가-102동,2,AC완속,"전라남도 목포시 연산백련로1번길 79102동 A 27,34",24시간 이용가능,유,전라남도 목포시 연산백련로1번길 116 (연산동),126.39108594686793,34.82004562630461
500호 모텔,2,AC완속,전라남도 목포시 평화로140번길 22전기차 충전소 주차장(옥암동 1092-4),24시간 이용가능,정,전라남도 목포시 평화로140번길 22 (옥암동),126.43691550773288,34.80175941076788
유토피아 가족호텔,1,AC완속,전라남도 목포시 평화로 65-9건물 좌측 벽면 건물계량기함 우측(상동 1145),24시간 이용가능,정,전라남도 목포시 평화로 65-9 (상동),126.43195575700115,34.79698105511042
하당 중흥s클래스 센텀뷰,8,AC완속,전라남도 목포시 비파로 96하당 중흥s클래스 센텀뷰(상동 860),09:00~18:00,정,전라남도 목포시 비파로 96 (상동),126.42524392398798,34.80676060868857
남교크레지움에듀파크,1,AC완속,전라남도 목포시 호남로 6(1-1 남교크레지움에듀파크),24시간 이용가능,정,전라남도 목포시 호남로 6 (남교동),126.3794952821805,34.794998968616866
재단법인전남테크노파크(세라믹산업센터),3,AC완속,전라남도 목포시 대양로 26(1998 전남테크노파크),24시간 이용가능,정,전라남도 목포시 대양로 26 (연산동),126.38238552325653,34.82067295295518
천지자동차공업사,1,AC완속,전라남도 목포시 남악로58번길 6-4천지자동차공업사,24시간 이용가능,정,전라남도 목포시 남악로58번길 6-4 (옥암동),126.44443211001771,34.803359570911134
목포 광신프로그레스,2,AC완속,전라남도 목포시 영산로565번길 231~5구역 주차장,24시간 이용가능,유,전라남도 목포시 영산로565번길 23 (상동),126.41796440954118,34.81563119578358
목포 렉시호텔,1,AC완속,전라남도 목포시 원형동로 44야외주차장,24시간 이용가능/시설 상황에 따라 이용이 제한될 수 있습니다,정,전라남도 목포시 원형동로 44 (상동),126.43306329677608,34.80006923927834
골드디움5차아파트,7,AC완속,전라남도 목포시 용해지구로88번길 23골드디움5차아파트(1042 골드디움5차아파트),09:00~18:00,정,전라남도 목포시 용해지구로88번길 23 (용해동),126.39440102318456,34.820661910456366
옥암골드클래스,8,AC완속,전라남도 목포시 남악1로16번길 10,24시간 이용가능,정,전라남도 목포시 남악1로16번길 10 (옥암동),126.44937178797593,34.806412260566084
유한회사 동양종합부품,1,AC완속,전라남도 목포시 녹색로134번길 7주차장,24시간 이용가능,정,전라남도 목포시 녹색로134번길 7 (옥암동),126.42893084658024,34.814324258030744
그린카 목포점,2,AC완속,전라남도 목포시 호남동 101,24시간 이용가능,정,전라남도 목포시 호남동 101,126.38717940018608,34.79351624945713
산정현대아파트,5,AC완속,전라남도 목포시 죽산로40번길 24(1710 현대아파트),24시간 이용가능,정,전라남도 목포시 죽산로40번길 24 (산정동),126.37810096483864,34.811068168649136
목포 광신프로그레스,8,AC완속,전라남도 목포시 영산로565번길 231~5구역 주차장,24시간 이용가능,유,전라남도 목포시 영산로565번길 23 (상동),126.41796440954118,34.81563119578358
광명샤인빌2차,5,AC완속,전라남도 목포시 옥암로 165(713 광명샤인빌2차),24시간 이용가능,정,전라남도 목포시 옥암로 165 (상동),126.42220860336754,34.812961014641495
목포 렉시호텔,2,AC완속,전라남도 목포시 원형동로 44야외주차장,24시간 이용가능/시설 상황에 따라 이용이 제한될 수 있습니다,정,전라남도 목포시 원형동로 44 (상동),126.43306329677608,34.80006923927834
백련지구천년가-104동,1,AC완속,"전라남도 목포시 연산백련로1번길 79104동 B 11,12",24시간 이용가능,유,전라남도 목포시 연산백련로1번길 116 (연산동),126.39108594686793,34.82004562630461
골드디움5차아파트,6,AC완속,전라남도 목포시 용해지구로88번길 23골드디움5차아파트(1042 골드디움5차아파트),09:00~18:00,정,전라남도 목포시 용해지구로88번길 23 (용해동),126.39440102318456,34.820661910456366
근화블루빌아파트,5,AC완속,전라남도 목포시 텃골로13번길 32근화블루빌아파트(816-12 근화블루빌아파트),09:00~18:00,정,전라남도 목포시 텃골로13번길 32 (석현동),126.41976681016307,34.82007823937096
목포가족관광호텔,2,AC완속,전라남도 목포시 호남로64번길 28지하주차장 졍면 우측 벽면(대안동 12-1),24시간 이용가능,정,전라남도 목포시 호남로64번길 28 (대안동),126.38464683777947,34.79202103806732
그린카 목포점,3,AC완속,전라남도 목포시 호남동 101,24시간 이용가능,정,전라남도 목포시 호남동 101,126.38717940018608,34.79351624945713
삼목장례프리드,1,AC완속,전라남도 목포시 청호로220번길 17삼목장례프리드,24시간 이용가능,정,전라남도 목포시 청호로220번길 17 (산정동),126.37132916529085,34.81074494580944
송광비치타운,4,AC완속,전라남도 목포시 유동로 7(1 송광비취타운),24시간 이용가능,정,전라남도 목포시 유동로 7 (해안동4가),126.38078059533328,34.78227677630045
전남 해양대학교 급속충전소(NEWK),11,DC콤보,전라남도 목포시 해양대학로 91(562-84 해양대학교),24시간 이용가능,정,전라남도 목포시 해양대학로 91 (죽교동),126.36161751385048,34.798343414894
근화희망타운3차,5,AC완속,전라남도 목포시 산양로 50(75-18 근화희망타운3차아파트),24시간 이용가능,정,전라남도 목포시 산양로 50 (대양동),126.42904228985265,34.83629101367899
하당프라임아너팰리스/유한회사 프라임디앤씨,1,AC완속,전라남도 목포시 부흥로 69(1002-5 프라임아너팰리스),24시간 이용가능,정,전라남도 목포시 부흥로 69 (상동),126.42842021578177,34.803179947591325
백련지구천년가-104동,2,AC완속,"전라남도 목포시 연산백련로1번길 79104동 B 11,12",24시간 이용가능,유,전라남도 목포시 연산백련로1번길 116 (연산동),126.39108594686793,34.82004562630461
근화블루빌아파트,4,AC완속,전라남도 목포시 텃골로13번길 32근화블루빌아파트(816-12 근화블루빌아파트),09:00~18:00,정,전라남도 목포시 텃골로13번길 32 (석현동),126.41976681016307,34.82007823937096
하당 중흥s클래스 센텀뷰,4,AC완속,전라남도 목포시 비파로 96하당 중흥s클래스 센텀뷰(상동 860),09:00~18:00,정,전라남도 목포시 비파로 96 (상동),126.42524392398798,34.80676060868857
청호시장,2,AC완속,전라남도 목포시 석현로 28주차장,24시간 이용가능,정,전라남도 목포시 석현로 28 (석현동),126.42468137348463,34.81544277512726
삼목장례프리드,2,AC완속,전라남도 목포시 청호로220번길 17삼목장례프리드,24시간 이용가능,정,전라남도 목포시 청호로220번길 17 (산정동),126.37132916529085,34.81074494580944
테마,2,AC완속,전라남도 목포시 비파로108번길 15테마모텔,24시간 이용가능,정,전라남도 목포시 비파로108번길 15 (상동),126.42516109151545,34.808509208053984
연산골드클래스8차,4,AC완속,전라남도 목포시 산정로 308(2044 연산골드클래스8차),24시간 이용가능,정,전라남도 목포시 산정로 308 (연산동),126.3837304362762,34.81393689351252
옥암골드클래스,6,AC완속,전라남도 목포시 남악1로16번길 10,24시간 이용가능,정,전라남도 목포시 남악1로16번길 10 (옥암동),126.44937178797593,34.806412260566084
산정현대아파트,1,AC완속,전라남도 목포시 죽산로40번길 24(1710 현대아파트),24시간 이용가능,정,전라남도 목포시 죽산로40번길 24 (산정동),126.37810096483864,34.811068168649136
하당프라임아너팰리스/유한회사 프라임디앤씨,2,AC완속,전라남도 목포시 부흥로 69(1002-5 프라임아너팰리스),24시간 이용가능,정,전라남도 목포시 부흥로 69 (상동),126.42842021578177,34.803179947591325
몰디브호텔,1,AC완속,전라남도 목포시 옥암로46번길 37옥외주차장 우측 끝(옥암동 1014-5),24시간 이용가능,정,전라남도 목포시 옥암로46번길 37 (옥암동),126.43271619745481,34.8054900323318
하당 중흥s클래스 센텀뷰,3,AC완속,전라남도 목포시 비파로 96하당 중흥s클래스 센텀뷰(상동 860),09:00~18:00,정,전라남도 목포시 비파로 96 (상동),126.42524392398798,34.80676060868857
광명샤인빌2차,1,AC완속,전라남도 목포시 옥암로 165(713 광명샤인빌2차),24시간 이용가능,정,전라남도 목포시 옥암로 165 (상동),126.42220860336754,34.812961014641495
루쏘호텔,1,AC완속,전라남도 목포시 장미로 107루쏘호텔,24시간 이용가능,정,전라남도 목포시 장미로 107 (옥암동),126.43179817999837,34.80550993021527
하이텔모텔,1,AC완속,전라남도 목포시 북항로 161하이텔모텔,24시간 이용가능,정,전라남도 목포시 북항로 161 (죽교동),126.36745037632821,34.80282073569857
유달파크맨션,1,AC완속,전라남도 목포시 만세로 19옥외주차장(120 유달파크맨션),24시간 이용가능,정,전라남도 목포시 만세로 19 (양동),126.38064933200212,34.796035739304
골드디움5차아파트,8,AC완속,전라남도 목포시 용해지구로88번길 23골드디움5차아파트(1042 골드디움5차아파트),09:00~18:00,정,전라남도 목포시 용해지구로88번길 23 (용해동),126.39440102318456,34.820661910456366
나인호텔,1,AC완속,전라남도 목포시 비파로108번길 7호텔 주차장(상동 864-2),24시간 이용가능,정,전라남도 목포시 비파로108번길 7 (상동),126.42429484164411,34.808067827219574
샹그리아호텔,2,AC완속,전라남도 목포시 평화로 87(상동 1143-4),24시간 이용가능,정,전라남도 목포시 평화로 87 (상동),126.43408153505904,34.797430714829495
한국지엠목포부품대리점,1,AC완속,전라남도 목포시 삼각로43번길 4건물 우측 벽면(상동 826-4),24시간 이용가능,정,전라남도 목포시 삼각로43번길 4 (상동),126.41859427228034,34.80421025052894
몰디브호텔,2,AC완속,전라남도 목포시 옥암로46번길 37옥외주차장 우측 끝(옥암동 1014-5),24시간 이용가능,정,전라남도 목포시 옥암로46번길 37 (옥암동),126.43271619745481,34.8054900323318
한울편안채 101동,2,AC완속,전라남도 목포시 신촌로 27-1한울편안채 101동(산정동 230),09:00~18:00,정,전라남도 목포시 신촌로 27-1 (산정동),126.38732231556051,34.80541614773039
근화희망타운3차,1,AC완속,전라남도 목포시 산양로 50(75-18 근화희망타운3차아파트),24시간 이용가능,정,전라남도 목포시 산양로 50 (대양동),126.42904228985265,34.83629101367899
설레임모텔,1,AC완속,전라남도 목포시 비파로 125설레임모텔,24시간 이용가능,정,전라남도 목포시 비파로 125 (상동),126.42232756143267,34.80891336237184
한광프라임빌,2,AC완속,전라남도 목포시 영산로692번길 8(493-1 한광프라임빌),24시간 이용가능,정,전라남도 목포시 영산로692번길 8 (석현동),126.42262477925362,34.826442634994606
근화블루빌아파트,6,AC완속,전라남도 목포시 텃골로13번길 32근화블루빌아파트(816-12 근화블루빌아파트),09:00~18:00,정,전라남도 목포시 텃골로13번길 32 (석현동),126.41976681016307,34.82007823937096
골드디움5차아파트,9,AC완속,전라남도 목포시 용해지구로88번길 23골드디움5차아파트(1042 골드디움5차아파트),09:00~18:00,정,전라남도 목포시 용해지구로88번길 23 (용해동),126.39440102318456,34.820661910456366
유한회사 동양종합부품,2,AC완속,전라남도 목포시 녹색로134번길 7주차장,24시간 이용가능,정,전라남도 목포시 녹색로134번길 7 (옥암동),126.42893084658024,34.814324258030744
아이엠로즈빌 아파트,5,AC완속,전라남도 목포시 영산로 769-6(527 아이엠로즈빌아파트),24시간 이용가능,정,전라남도 목포시 영산로 769-6 (대양동),126.41692422353118,34.83417019113309
루쏘호텔,2,AC완속,전라남도 목포시 장미로 107루쏘호텔,24시간 이용가능,정,전라남도 목포시 장미로 107 (옥암동),126.43179817999837,34.80550993021527
호텔 디오션,1,AC완속,전라남도 목포시 신항로276번길 40주차장(달동 1330-49),24시간 이용가능,정,전라남도 목포시 신항로276번길 40 (달동),126.35734992114938,34.755943594726865
남교크레지움에듀파크,3,AC완속,전라남도 목포시 호남로 6(1-1 남교크레지움에듀파크),24시간 이용가능,정,전라남도 목포시 호남로 6 (남교동),126.3794952821805,34.794998968616866
신안인스빌아파트,2,AC완속,전라남도 목포시 삼학로 363(126 신안인스빌아파트),24시간 이용가능,정,전라남도 목포시 삼학로 363 (용해동),126.40693889551986,34.80381034920304
근화그린1차아파트,2,AC완속,전라남도 목포시 산정로 268-3(326-10 근화그린맨션),24시간 이용가능,정,전라남도 목포시 산정로 268-3 (산정동),126.38720456997048,34.811654022437104
하당 중흥s클래스 센텀뷰,5,AC완속,전라남도 목포시 비파로 96하당 중흥s클래스 센텀뷰(상동 860),09:00~18:00,정,전라남도 목포시 비파로 96 (상동),126.42524392398798,34.80676060868857
골드디움5차아파트,2,AC완속,전라남도 목포시 용해지구로88번길 23골드디움5차아파트(1042 골드디움5차아파트),09:00~18:00,정,전라남도 목포시 용해지구로88번길 23 (용해동),126.39440102318456,34.820661910456366
기아 하당대리점,1,AC완속,전라남도 목포시 옥암로 53기아 하당대리점(상동 1001-3),09:00~18:00,정,전라남도 목포시 옥암로 53 (상동),126.4285040175607,34.80430693120764
대성종합정비공업사,1,AC완속,전라남도 목포시 고하대로 801대성종합정비공업사,24시간 이용가능,정,전라남도 목포시 고하대로 801 (연산동),126.38135247381693,34.81583569848772
우성아파트,2,AC완속,전라남도 목포시 신흥로 13(886 우성아파트),24시간 이용가능,정,전라남도 목포시 신흥로 13 (상동),126.42144487128706,34.80332391409266
설레임모텔,2,AC완속,전라남도 목포시 비파로 125설레임모텔,24시간 이용가능,정,전라남도 목포시 비파로 125 (상동),126.42232756143267,34.80891336237184
목포무인호텔,1,AC완속,전라남도 목포시 번화로 82목포무인호텔,24시간 이용가능,정,전라남도 목포시 번화로 82 (축복동3가),126.38725609793451,34.78849306537139
하당제일1차아파트,1,AC완속,전라남도 목포시 미항로 206하당제일1차아파트(1103 제일아파트),24시간 이용가능,정,전라남도 목포시 미항로 206 (옥암동),126.44012466138813,34.799792800122894
상동주공4단지,2,AC완속,"전라남도 목포시 상동로 644단지(740 상동3,4단지아파트)",24시간 이용가능,유,전라남도 목포시 상동로 87 (상동),126.41009206688672,34.816940551936305
남교크레지움에듀파크,2,AC완속,전라남도 목포시 호남로 6(1-1 남교크레지움에듀파크),24시간 이용가능,정,전라남도 목포시 호남로 6 (남교동),126.3794952821805,34.794998968616866
광명샤인빌2차,2,AC완속,전라남도 목포시 옥암로 165(713 광명샤인빌2차),24시간 이용가능,정,전라남도 목포시 옥암로 165 (상동),126.42220860336754,34.812961014641495
하당 중흥s클래스 센텀뷰,6,AC완속,전라남도 목포시 비파로 96하당 중흥s클래스 센텀뷰(상동 860),09:00~18:00,정,전라남도 목포시 비파로 96 (상동),126.42524392398798,34.80676060868857
골드디움5차아파트,12,AC완속,전라남도 목포시 용해지구로88번길 23골드디움5차아파트(1042 골드디움5차아파트),09:00~18:00,정,전라남도 목포시 용해지구로88번길 23 (용해동),126.39440102318456,34.820661910456366
타이어나라 목포지점,1,AC완속,전라남도 목포시 영산로 712(석현동 936-3),24시간 이용가능,정,전라남도 목포시 영산로 712 (석현동),126.42079222342173,34.82835064861039
샤모텔,1,AC완속,전라남도 목포시 미항로 14샤모텔,24시간 이용가능,정,전라남도 목포시 미항로 14 (상동),126.42636417033715,34.79687143822131
윈저호텔,1,AC완속,전라남도 목포시 통일대로 16윈저호텔,24시간 이용가능,정,전라남도 목포시 통일대로 16 (상동),126.42683858822717,34.79742747455293
하당현대아파트,3,AC완속,전라남도 목포시 통일대로37번길 33(1014-1 하당현대아파트),24시간 이용가능,정,전라남도 목포시 통일대로37번길 33 (상동),126.42616276641303,34.80112396844524
아이엠로즈빌 아파트,1,AC완속,전라남도 목포시 영산로 769-6(527 아이엠로즈빌아파트),24시간 이용가능,정,전라남도 목포시 영산로 769-6 (대양동),126.41692422353118,34.83417019113309
근화희망타운3차,2,AC완속,전라남도 목포시 산양로 50(75-18 근화희망타운3차아파트),24시간 이용가능,정,전라남도 목포시 산양로 50 (대양동),126.42904228985265,34.83629101367899
상동주공4단지,1,AC완속,"전라남도 목포시 상동로 644단지(740 상동3,4단지아파트)",24시간 이용가능,유,전라남도 목포시 상동로 87 (상동),126.41009206688672,34.816940551936305
광명샤인빌2차,3,AC완속,전라남도 목포시 옥암로 165(713 광명샤인빌2차),24시간 이용가능,정,전라남도 목포시 옥암로 165 (상동),126.42220860336754,34.812961014641495
목포라송센트렐카운티1차,3,AC완속,전라남도 목포시 양을로99번길 8(1836 목포라송센트럴카운티),24시간 이용가능,정,전라남도 목포시 양을로99번길 8 (산정동),126.38378847049911,34.80626926460795
전남 목포시 교육로 51 (저압수용가),1,AC완속,전라남도 목포시 교육로 51전남 목포시 교육로 51 (저압수용가)(상동 893-7),09:00~18:00,정,전라남도 목포시 교육로 51 (상동),126.42058008158784,34.801736437394915
골드디움5차아파트,3,AC완속,전라남도 목포시 용해지구로88번길 23골드디움5차아파트(1042 골드디움5차아파트),09:00~18:00,정,전라남도 목포시 용해지구로88번길 23 (용해동),126.39440102318456,34.820661910456366
하이텔모텔,2,AC완속,전라남도 목포시 북항로 161하이텔모텔,24시간 이용가능,정,전라남도 목포시 북항로 161 (죽교동),126.36745037632821,34.80282073569857
목포 포르모큐브 BF2,1,AC완속,전라남도 목포시 옥암로 95(860-1 쇼핑천국포르모),24시간 이용가능,정,전라남도 목포시 옥암로 95 (상동),126.42603671851948,34.807369053864704
용해동센트럴팰리체,1,AC완속,전라남도 목포시 송림로 85(1060 센트럴팰리체아파트),24시간 이용가능,정,전라남도 목포시 송림로 85 (용해동),126.40674493666086,34.805823940910585
송광비치타운,5,AC완속,전라남도 목포시 유동로 7(1 송광비취타운),24시간 이용가능,정,전라남도 목포시 유동로 7 (해안동4가),126.38078059533328,34.78227677630045
근화희망타운3차,3,AC완속,전라남도 목포시 산양로 50(75-18 근화희망타운3차아파트),24시간 이용가능,정,전라남도 목포시 산양로 50 (대양동),126.42904228985265,34.83629101367899
모아엘가에듀파크아파트,1,AC완속,전라남도 목포시 연산백련로1번길 69(목포용해2지구모아엘가 에듀파크),24시간 이용가능,정,전라남도 목포시 연산백련로1번길 69 (연산동),126.38855063204481,34.81684846589561
신안비치3차아파트,3,AC완속,전라남도 목포시 고하대로 641-11(1259-3 신안비치3차아파트),24시간 이용가능,정,전라남도 목포시 고하대로 641-11 (산정동),126.36715980342866,34.80644020511501
하당 중흥s클래스 센텀뷰,9,AC완속,전라남도 목포시 비파로 96하당 중흥s클래스 센텀뷰(상동 860),09:00~18:00,정,전라남도 목포시 비파로 96 (상동),126.42524392398798,34.80676060868857
골드디움5차아파트,4,AC완속,전라남도 목포시 용해지구로88번길 23골드디움5차아파트(1042 골드디움5차아파트),09:00~18:00,정,전라남도 목포시 용해지구로88번길 23 (용해동),126.39440102318456,34.820661910456366
근화블루빌아파트,1,AC완속,전라남도 목포시 텃골로13번길 32근화블루빌아파트(816-12 근화블루빌아파트),09:00~18:00,정,전라남도 목포시 텃골로13번길 32 (석현동),126.41976681016307,34.82007823937096
목포용해금호아파트,4,AC완속,전라남도 목포시 삼학로 331(143-7 금호타운),24시간 이용가능,정,전라남도 목포시 삼학로 331 (용해동),126.40740017864822,34.80021033317157
중앙하이츠,1,AC완속,전라남도 목포시 양을로41번길 42(994-4 중앙하이츠),24시간 이용가능,정,전라남도 목포시 양을로41번길 42 (산정동),126.37787593031511,34.804643199092816
연산골드클래스8차,5,AC완속,전라남도 목포시 산정로 308(2044 연산골드클래스8차),24시간 이용가능,정,전라남도 목포시 산정로 308 (연산동),126.3837304362762,34.81393689351252
모아엘가에듀파크아파트,2,AC완속,전라남도 목포시 연산백련로1번길 69(목포용해2지구모아엘가 에듀파크),24시간 이용가능,정,전라남도 목포시 연산백련로1번길 69 (연산동),126.38855063204481,34.81684846589561
상동주공4단지,3,AC완속,"전라남도 목포시 상동로 644단지(740 상동3,4단지아파트)",24시간 이용가능,유,전라남도 목포시 상동로 87 (상동),126.41009206688672,34.816940551936305
광명샤인빌2차,6,AC완속,전라남도 목포시 옥암로 165(713 광명샤인빌2차),24시간 이용가능,정,전라남도 목포시 옥암로 165 (상동),126.42220860336754,34.812961014641495
근화밀레니엄,1,AC완속,전라남도 목포시 산정로 268(324-3 근화밀레니엄빌리지),24시간 이용가능,정,전라남도 목포시 산정로 268 (산정동),126.38732469424757,34.81114385003166
골드디움5차아파트,10,AC완속,전라남도 목포시 용해지구로88번길 23골드디움5차아파트(1042 골드디움5차아파트),09:00~18:00,정,전라남도 목포시 용해지구로88번길 23 (용해동),126.39440102318456,34.820661910456366
근화블루빌아파트,2,AC완속,전라남도 목포시 텃골로13번길 32근화블루빌아파트(816-12 근화블루빌아파트),09:00~18:00,정,전라남도 목포시 텃골로13번길 32 (석현동),126.41976681016307,34.82007823937096
전남 목포시 신촌로13번길 5 (저압수용가),1,AC완속,전라남도 목포시 신촌로13번길 5전남 목포시 신촌로13번길 5 (저압수용가)(산정동 1040-459),09:00~18:00,정,전라남도 목포시 신촌로13번길 5 (산정동),126.38861473908432,34.806212449608516
모아엘가1차아파트,4,AC완속,전라남도 목포시 남악2로22번길 58(1329 모아엘가),24시간 이용가능,정,전라남도 목포시 남악2로22번길 58 (옥암동),126.45839024130633,34.808210275844466
목포하당제일101동,1,AC완속,전라남도 목포시 미항로 206(1103 제일아파트),24시간 이용가능,정,전라남도 목포시 미항로 206 (옥암동),126.44012466138813,34.799792800122894
유달파크맨션,2,AC완속,전라남도 목포시 만세로 19옥외주차장(120 유달파크맨션),24시간 이용가능,정,전라남도 목포시 만세로 19 (양동),126.38064933200212,34.796035739304
상동주공4단지,4,AC완속,"전라남도 목포시 상동로 644단지(740 상동3,4단지아파트)",24시간 이용가능,유,전라남도 목포시 상동로 87 (상동),126.41009206688672,34.816940551936305
근화희망타운3차,6,AC완속,전라남도 목포시 산양로 50(75-18 근화희망타운3차아파트),24시간 이용가능,정,전라남도 목포시 산양로 50 (대양동),126.42904228985265,34.83629101367899
아이엠로즈빌 아파트,2,AC완속,전라남도 목포시 영산로 769-6(527 아이엠로즈빌아파트),24시간 이용가능,정,전라남도 목포시 영산로 769-6 (대양동),126.41692422353118,34.83417019113309
국립호남권 생물자원관,1,AC완속,전라남도 목포시 고하도안길 99(달동 1357),24시간 이용가능,정,전라남도 목포시 고하도안길 99 (달동),126.36622238349979,34.76615642806916
하당 중흥s클래스 센텀뷰,1,AC완속,전라남도 목포시 비파로 96하당 중흥s클래스 센텀뷰(상동 860),09:00~18:00,정,전라남도 목포시 비파로 96 (상동),126.42524392398798,34.80676060868857
기아 하당대리점,2,AC완속,전라남도 목포시 옥암로 53기아 하당대리점(상동 1001-3),09:00~18:00,정,전라남도 목포시 옥암로 53 (상동),126.4285040175607,34.80430693120764
모아엘가1차아파트,14,AC완속,전라남도 목포시 남악2로22번길 58(1329 모아엘가),24시간 이용가능,정,전라남도 목포시 남악2로22번길 58 (옥암동),126.45839024130633,34.808210275844466
신안인스빌아파트,4,AC완속,전라남도 목포시 삼학로 363(126 신안인스빌아파트),24시간 이용가능,정,전라남도 목포시 삼학로 363 (용해동),126.40693889551986,34.80381034920304
한광프라임빌,3,AC완속,전라남도 목포시 영산로692번길 8(493-1 한광프라임빌),24시간 이용가능,정,전라남도 목포시 영산로692번길 8 (석현동),126.42262477925362,34.826442634994606
산정현대아파트,2,AC완속,전라남도 목포시 죽산로40번길 24(1710 현대아파트),24시간 이용가능,정,전라남도 목포시 죽산로40번길 24 (산정동),126.37810096483864,34.811068168649136
아이엠로즈빌 아파트,3,AC완속,전라남도 목포시 영산로 769-6(527 아이엠로즈빌아파트),24시간 이용가능,정,전라남도 목포시 영산로 769-6 (대양동),126.41692422353118,34.83417019113309
용해동센트럴팰리체,2,AC완속,전라남도 목포시 송림로 85(1060 센트럴팰리체아파트),24시간 이용가능,정,전라남도 목포시 송림로 85 (용해동),126.40674493666086,34.805823940910585
목포라인아파트 지상주차장,7,AC완속,전라남도 목포시 원산주택로 25(1751 라인아파트),24시간 이용가능,정,전라남도 목포시 원산주택로 25 (산정동),126.37518995390077,34.808623804335866
모아엘가1차아파트,24,AC완속,전라남도 목포시 남악2로22번길 58(1329 모아엘가),24시간 이용가능,정,전라남도 목포시 남악2로22번길 58 (옥암동),126.45839024130633,34.808210275844466
하당 중흥s클래스 센텀뷰,10,AC완속,전라남도 목포시 비파로 96하당 중흥s클래스 센텀뷰(상동 860),09:00~18:00,정,전라남도 목포시 비파로 96 (상동),126.42524392398798,34.80676060868857
티파니에서아침을(enh),1,AC완속,전라남도 목포시 평화로140번길 24구내주차장(옥암동 1092-5),24시간 이용가능,정,전라남도 목포시 평화로140번길 24 (옥암동),126.43677977934796,34.801687890876416
신안인스빌아파트,3,AC완속,전라남도 목포시 삼학로 363(126 신안인스빌아파트),24시간 이용가능,정,전라남도 목포시 삼학로 363 (용해동),126.40693889551986,34.80381034920304
송광비치타운,1,AC완속,전라남도 목포시 유동로 7(1 송광비취타운),24시간 이용가능,정,전라남도 목포시 유동로 7 (해안동4가),126.38078059533328,34.78227677630045
용해동센트럴팰리체,3,AC완속,전라남도 목포시 송림로 85(1060 센트럴팰리체아파트),24시간 이용가능,정,전라남도 목포시 송림로 85 (용해동),126.40674493666086,34.805823940910585
중앙하이츠,2,AC완속,전라남도 목포시 양을로41번길 42(994-4 중앙하이츠),24시간 이용가능,정,전라남도 목포시 양을로41번길 42 (산정동),126.37787593031511,34.804643199092816
영신그린빌1차 입주자대표회의,3,AC완속,전라남도 목포시 신흥로83번길 2영신그린빌(994 영신그린빌),24시간 이용가능,정,전라남도 목포시 신흥로83번길 2 (옥암동),126.42925065560732,34.805153904457484
수창해뜨레아파트,1,AC완속,전라남도 목포시 석현로45번길 19(1177 수창해뜨레),24시간 이용가능,정,전라남도 목포시 석현로45번길 19 (석현동),126.4250019726381,34.81895869230857
하당 중흥s클래스 센텀뷰,11,AC완속,전라남도 목포시 비파로 96하당 중흥s클래스 센텀뷰(상동 860),09:00~18:00,정,전라남도 목포시 비파로 96 (상동),126.42524392398798,34.80676060868857
하당현대아파트,5,AC완속,전라남도 목포시 통일대로37번길 33(1014-1 하당현대아파트),24시간 이용가능,정,전라남도 목포시 통일대로37번길 33 (상동),126.42616276641303,34.80112396844524
근화2차아파트,1,AC완속,전라남도 목포시 산정로 268-1(322 근화타워맨션),24시간 이용가능,정,전라남도 목포시 산정로 268-1 (산정동),126.38777457841654,34.811542913379
하당제일1차아파트,2,AC완속,전라남도 목포시 미항로 206하당제일1차아파트(1103 제일아파트),24시간 이용가능,정,전라남도 목포시 미항로 206 (옥암동),126.44012466138813,34.799792800122894
중앙하이츠,3,AC완속,전라남도 목포시 양을로41번길 42(994-4 중앙하이츠),24시간 이용가능,정,전라남도 목포시 양을로41번길 42 (산정동),126.37787593031511,34.804643199092816
연산골드클래스8차,1,AC완속,전라남도 목포시 산정로 308(2044 연산골드클래스8차),24시간 이용가능,정,전라남도 목포시 산정로 308 (연산동),126.3837304362762,34.81393689351252
목포하당제일101동,2,AC완속,전라남도 목포시 미항로 206(1103 제일아파트),24시간 이용가능,정,전라남도 목포시 미항로 206 (옥암동),126.44012466138813,34.799792800122894
모아엘가1차아파트,10,AC완속,전라남도 목포시 남악2로22번길 58(1329 모아엘가),24시간 이용가능,정,전라남도 목포시 남악2로22번길 58 (옥암동),126.45839024130633,34.808210275844466
신항만뉴캐슬오션시티2차아파트,9,AC완속,전라남도 목포시 허사로57번길 15(오션시티2차 아파트),24시간 이용가능,정,전라남도 목포시 허사로57번길 15 (달동),126.36137721009001,34.755935334622436
하당 중흥s클래스 센텀뷰,7,AC완속,전라남도 목포시 비파로 96하당 중흥s클래스 센텀뷰(상동 860),09:00~18:00,정,전라남도 목포시 비파로 96 (상동),126.42524392398798,34.80676060868857
목포라인아파트 지상주차장,2,AC완속,전라남도 목포시 원산주택로 25(1751 라인아파트),24시간 이용가능,정,전라남도 목포시 원산주택로 25 (산정동),126.37518995390077,34.808623804335866
근화2차아파트,2,AC완속,전라남도 목포시 산정로 268-1(322 근화타워맨션),24시간 이용가능,정,전라남도 목포시 산정로 268-1 (산정동),126.38777457841654,34.811542913379
근화희망타운3차,7,AC완속,전라남도 목포시 산양로 50(75-18 근화희망타운3차아파트),24시간 이용가능,정,전라남도 목포시 산양로 50 (대양동),126.42904228985265,34.83629101367899
목포라송센트렐카운티1차,1,AC완속,전라남도 목포시 양을로99번길 8(1836 목포라송센트럴카운티),24시간 이용가능,정,전라남도 목포시 양을로99번길 8 (산정동),126.38378847049911,34.80626926460795
하당현대아파트,4,AC완속,전라남도 목포시 통일대로37번길 33(1014-1 하당현대아파트),24시간 이용가능,정,전라남도 목포시 통일대로37번길 33 (상동),126.42616276641303,34.80112396844524
우성아파트,3,AC완속,전라남도 목포시 신흥로 13(886 우성아파트),24시간 이용가능,정,전라남도 목포시 신흥로 13 (상동),126.42144487128706,34.80332391409266
신안인스빌아파트,5,AC완속,전라남도 목포시 삼학로 363(126 신안인스빌아파트),24시간 이용가능,정,전라남도 목포시 삼학로 363 (용해동),126.40693889551986,34.80381034920304
모아엘가1차아파트,20,AC완속,전라남도 목포시 남악2로22번길 58(1329 모아엘가),24시간 이용가능,정,전라남도 목포시 남악2로22번길 58 (옥암동),126.45839024130633,34.808210275844466
용해지구천년가맘스카운티아파트,4,AC완속,전라남도 목포시 용해지구로88번길 7(1040 용해지구천년가맘스카운티),24시간 이용가능,정,전라남도 목포시 용해지구로88번길 7 (용해동),126.39213055988162,34.82062773029412
광명샤인빌2차,4,AC완속,전라남도 목포시 옥암로 165(713 광명샤인빌2차),24시간 이용가능,정,전라남도 목포시 옥암로 165 (상동),126.42220860336754,34.812961014641495
목포용해금호아파트,6,AC완속,전라남도 목포시 삼학로 331(143-7 금호타운),24시간 이용가능,정,전라남도 목포시 삼학로 331 (용해동),126.40740017864822,34.80021033317157
근화희망타운3차,8,AC완속,전라남도 목포시 산양로 50(75-18 근화희망타운3차아파트),24시간 이용가능,정,전라남도 목포시 산양로 50 (대양동),126.42904228985265,34.83629101367899
산정현대아파트,3,AC완속,전라남도 목포시 죽산로40번길 24(1710 현대아파트),24시간 이용가능,정,전라남도 목포시 죽산로40번길 24 (산정동),126.37810096483864,34.811068168649136
신안비치3차아파트,1,AC완속,전라남도 목포시 고하대로 641-11(1259-3 신안비치3차아파트),24시간 이용가능,정,전라남도 목포시 고하대로 641-11 (산정동),126.36715980342866,34.80644020511501
목포 포르모큐브 BF2,2,AC완속,전라남도 목포시 옥암로 95(860-1 쇼핑천국포르모),24시간 이용가능,정,전라남도 목포시 옥암로 95 (상동),126.42603671851948,34.807369053864704
모아엘가1차아파트,30,AC완속,전라남도 목포시 남악2로22번길 58(1329 모아엘가),24시간 이용가능,정,전라남도 목포시 남악2로22번길 58 (옥암동),126.45839024130633,34.808210275844466
하당현대2차,1,AC완속,전라남도 목포시 삼향천로91번길 21(992 하당2차현대아파트),24시간 이용가능,정,전라남도 목포시 삼향천로91번길 21 (옥암동),126.42991398467933,34.80694964927182
골드클래스9차아파트,1,AC완속,전라남도 목포시 연산백련로1번길 111(2022 골드클래스9차아파트),24시간 이용가능,정,전라남도 목포시 연산백련로1번길 111 (연산동),126.39107973238062,34.820460357007256
하당우미블루빌3차아파트,7,AC완속,전라남도 목포시 평화로153번길 9(1096 우미블루빌),24시간 이용가능,정,전라남도 목포시 평화로153번길 9 (옥암동),126.43616397808485,34.80048953461204
근화희망타운3차,4,AC완속,전라남도 목포시 산양로 50(75-18 근화희망타운3차아파트),24시간 이용가능,정,전라남도 목포시 산양로 50 (대양동),126.42904228985265,34.83629101367899
산정현대아파트,4,AC완속,전라남도 목포시 죽산로40번길 24(1710 현대아파트),24시간 이용가능,정,전라남도 목포시 죽산로40번길 24 (산정동),126.37810096483864,34.811068168649136
목포용해금호아파트,5,AC완속,전라남도 목포시 삼학로 331(143-7 금호타운),24시간 이용가능,정,전라남도 목포시 삼학로 331 (용해동),126.40740017864822,34.80021033317157
송광비치타운,2,AC완속,전라남도 목포시 유동로 7(1 송광비취타운),24시간 이용가능,정,전라남도 목포시 유동로 7 (해안동4가),126.38078059533328,34.78227677630045
모아엘가1차아파트,6,AC완속,전라남도 목포시 남악2로22번길 58(1329 모아엘가),24시간 이용가능,정,전라남도 목포시 남악2로22번길 58 (옥암동),126.45839024130633,34.808210275844466
신항만뉴캐슬오션시티2차아파트,5,AC완속,전라남도 목포시 허사로57번길 15(오션시티2차 아파트),24시간 이용가능,정,전라남도 목포시 허사로57번길 15 (달동),126.36137721009001,34.755935334622436
목포라송센트렐카운티1차,4,AC완속,전라남도 목포시 양을로99번길 8(1836 목포라송센트럴카운티),24시간 이용가능,정,전라남도 목포시 양을로99번길 8 (산정동),126.38378847049911,34.80626926460795
골드클래스9차아파트,2,AC완속,전라남도 목포시 연산백련로1번길 111(2022 골드클래스9차아파트),24시간 이용가능,정,전라남도 목포시 연산백련로1번길 111 (연산동),126.39107973238062,34.820460357007256
하당현대아파트,6,AC완속,전라남도 목포시 통일대로37번길 33(1014-1 하당현대아파트),24시간 이용가능,정,전라남도 목포시 통일대로37번길 33 (상동),126.42616276641303,34.80112396844524
롯데마트맥스 목포점,1,DC콤보,전라남도 목포시 원형서로 15롯데마트맥스 목포점(1134 롯데마트목포점),10:00 ~ 23:00,정,전라남도 목포시 원형서로 15 (상동),126.42946714625488,34.79724593558004
모아엘가에듀파크아파트,3,AC완속,전라남도 목포시 연산백련로1번길 69(목포용해2지구모아엘가 에듀파크),24시간 이용가능,정,전라남도 목포시 연산백련로1번길 69 (연산동),126.38855063204481,34.81684846589561
송광비치타운,3,AC완속,전라남도 목포시 유동로 7(1 송광비취타운),24시간 이용가능,정,전라남도 목포시 유동로 7 (해안동4가),126.38078059533328,34.78227677630045
모아엘가1차아파트,5,AC완속,전라남도 목포시 남악2로22번길 58(1329 모아엘가),24시간 이용가능,정,전라남도 목포시 남악2로22번길 58 (옥암동),126.45839024130633,34.808210275844466
연산골드클래스8차,2,AC완속,전라남도 목포시 산정로 308(2044 연산골드클래스8차),24시간 이용가능,정,전라남도 목포시 산정로 308 (연산동),126.3837304362762,34.81393689351252
신안비치3차아파트,4,AC완속,전라남도 목포시 고하대로 641-11(1259-3 신안비치3차아파트),24시간 이용가능,정,전라남도 목포시 고하대로 641-11 (산정동),126.36715980342866,34.80644020511501
옥암2차한국아델리움,6,AC완속,전라남도 목포시 옥암로 150(한국아델리움 아파트),24시간 이용가능,정,전라남도 목포시 옥암로 150 (옥암동),126.42419301709462,34.81199931297722
하당현대아파트,7,AC완속,전라남도 목포시 통일대로37번길 33(1014-1 하당현대아파트),24시간 이용가능,정,전라남도 목포시 통일대로37번길 33 (상동),126.42616276641303,34.80112396844524
샹그리아호텔,1,AC완속,전라남도 목포시 평화로 87(상동 1143-4),24시간 이용가능,정,전라남도 목포시 평화로 87 (상동),126.43408153505904,34.797430714829495
목포라인아파트 지상주차장,4,AC완속,전라남도 목포시 원산주택로 25(1751 라인아파트),24시간 이용가능,정,전라남도 목포시 원산주택로 25 (산정동),126.37518995390077,34.808623804335866
모아엘가1차아파트,16,AC완속,전라남도 목포시 남악2로22번길 58(1329 모아엘가),24시간 이용가능,정,전라남도 목포시 남악2로22번길 58 (옥암동),126.45839024130633,34.808210275844466
우성아파트,4,AC완속,전라남도 목포시 신흥로 13(886 우성아파트),24시간 이용가능,정,전라남도 목포시 신흥로 13 (상동),126.42144487128706,34.80332391409266
연산골드클래스8차,3,AC완속,전라남도 목포시 산정로 308(2044 연산골드클래스8차),24시간 이용가능,정,전라남도 목포시 산정로 308 (연산동),126.3837304362762,34.81393689351252
하당우미블루빌3차아파트,3,AC완속,전라남도 목포시 평화로153번길 9(1096 우미블루빌),24시간 이용가능,정,전라남도 목포시 평화로153번길 9 (옥암동),126.43616397808485,34.80048953461204
근화밀레니엄,2,AC완속,전라남도 목포시 산정로 268(324-3 근화밀레니엄빌리지),24시간 이용가능,정,전라남도 목포시 산정로 268 (산정동),126.38732469424757,34.81114385003166
아이엠로즈빌 아파트,4,AC완속,전라남도 목포시 영산로 769-6(527 아이엠로즈빌아파트),24시간 이용가능,정,전라남도 목포시 영산로 769-6 (대양동),126.41692422353118,34.83417019113309
목포용해금호아파트,7,AC완속,전라남도 목포시 삼학로 331(143-7 금호타운),24시간 이용가능,정,전라남도 목포시 삼학로 331 (용해동),126.40740017864822,34.80021033317157
목포라인아파트 지상주차장,5,AC완속,전라남도 목포시 원산주택로 25(1751 라인아파트),24시간 이용가능,정,전라남도 목포시 원산주택로 25 (산정동),126.37518995390077,34.808623804335866
모아엘가1차아파트,15,AC완속,전라남도 목포시 남악2로22번길 58(1329 모아엘가),24시간 이용가능,정,전라남도 목포시 남악2로22번길 58 (옥암동),126.45839024130633,34.808210275844466
목포 궁무인호텔,1,AC완속,전라남도 목포시 신항로276번길 42목포 궁무인호텔(달동 1330-47),24시간 이용가능,정,전라남도 목포시 신항로276번길 42 (달동),126.35718265440015,34.75618909538071
하당현대2차,2,AC완속,전라남도 목포시 삼향천로91번길 21(992 하당2차현대아파트),24시간 이용가능,정,전라남도 목포시 삼향천로91번길 21 (옥암동),126.42991398467933,34.80694964927182
우성아파트,5,AC완속,전라남도 목포시 신흥로 13(886 우성아파트),24시간 이용가능,정,전라남도 목포시 신흥로 13 (상동),126.42144487128706,34.80332391409266
근화희망타운2차아파트,1,AC완속,전라남도 목포시 산양로 40(75-1 근화희망타운아파트),24시간 이용가능,정,전라남도 목포시 산양로 40 (대양동),126.42735274610395,34.83640867791513
모아엘가1차아파트,26,AC완속,전라남도 목포시 남악2로22번길 58(1329 모아엘가),24시간 이용가능,정,전라남도 목포시 남악2로22번길 58 (옥암동),126.45839024130633,34.808210275844466
영신그린빌1차 입주자대표회의,1,AC완속,전라남도 목포시 신흥로83번길 2영신그린빌(994 영신그린빌),24시간 이용가능,정,전라남도 목포시 신흥로83번길 2 (옥암동),126.42925065560732,34.805153904457484
롯데마트맥스 목포점,7,DC콤보,전라남도 목포시 원형서로 15롯데마트맥스 목포점(1134 롯데마트목포점),10:00 ~ 23:00,정,전라남도 목포시 원형서로 15 (상동),126.42946714625488,34.79724593558004
목포라송센트렐카운티1차,5,AC완속,전라남도 목포시 양을로99번길 8(1836 목포라송센트럴카운티),24시간 이용가능,정,전라남도 목포시 양을로99번길 8 (산정동),126.38378847049911,34.80626926460795
우성아파트,1,AC완속,전라남도 목포시 신흥로 13(886 우성아파트),24시간 이용가능,정,전라남도 목포시 신흥로 13 (상동),126.42144487128706,34.80332391409266
한광프라임빌,1,AC완속,전라남도 목포시 영산로692번길 8(493-1 한광프라임빌),24시간 이용가능,정,전라남도 목포시 영산로692번길 8 (석현동),126.42262477925362,34.826442634994606
목포용해금호아파트,1,AC완속,전라남도 목포시 삼학로 331(143-7 금호타운),24시간 이용가능,정,전라남도 목포시 삼학로 331 (용해동),126.40740017864822,34.80021033317157
모아엘가1차아파트,7,AC완속,전라남도 목포시 남악2로22번길 58(1329 모아엘가),24시간 이용가능,정,전라남도 목포시 남악2로22번길 58 (옥암동),126.45839024130633,34.808210275844466
신항만뉴캐슬오션시티2차아파트,1,AC완속,전라남도 목포시 허사로57번길 15(오션시티2차 아파트),24시간 이용가능,정,전라남도 목포시 허사로57번길 15 (달동),126.36137721009001,34.755935334622436
신안비치3차아파트,5,AC완속,전라남도 목포시 고하대로 641-11(1259-3 신안비치3차아파트),24시간 이용가능,정,전라남도 목포시 고하대로 641-11 (산정동),126.36715980342866,34.80644020511501
중앙하이츠,4,AC완속,전라남도 목포시 양을로41번길 42(994-4 중앙하이츠),24시간 이용가능,정,전라남도 목포시 양을로41번길 42 (산정동),126.37787593031511,34.804643199092816
신안인스빌아파트,1,AC완속,전라남도 목포시 삼학로 363(126 신안인스빌아파트),24시간 이용가능,정,전라남도 목포시 삼학로 363 (용해동),126.40693889551986,34.80381034920304
모아엘가1차아파트,25,AC완속,전라남도 목포시 남악2로22번길 58(1329 모아엘가),24시간 이용가능,정,전라남도 목포시 남악2로22번길 58 (옥암동),126.45839024130633,34.808210275844466
하당현대아파트,1,AC완속,전라남도 목포시 통일대로37번길 33(1014-1 하당현대아파트),24시간 이용가능,정,전라남도 목포시 통일대로37번길 33 (상동),126.42616276641303,34.80112396844524
옥암2차한국아델리움,2,AC완속,전라남도 목포시 옥암로 150(한국아델리움 아파트),24시간 이용가능,정,전라남도 목포시 옥암로 150 (옥암동),126.42419301709462,34.81199931297722
목포라송센트렐카운티1차,2,AC완속,전라남도 목포시 양을로99번길 8(1836 목포라송센트럴카운티),24시간 이용가능,정,전라남도 목포시 양을로99번길 8 (산정동),126.38378847049911,34.80626926460795
신안비치3차아파트,6,AC완속,전라남도 목포시 고하대로 641-11(1259-3 신안비치3차아파트),24시간 이용가능,정,전라남도 목포시 고하대로 641-11 (산정동),126.36715980342866,34.80644020511501
모아엘가1차아파트,8,AC완속,전라남도 목포시 남악2로22번길 58(1329 모아엘가),24시간 이용가능,정,전라남도 목포시 남악2로22번길 58 (옥암동),126.45839024130633,34.808210275844466
수창해뜨레아파트,2,AC완속,전라남도 목포시 석현로45번길 19(1177 수창해뜨레),24시간 이용가능,정,전라남도 목포시 석현로45번길 19 (석현동),126.4250019726381,34.81895869230857
근화희망타운2차아파트,2,AC완속,전라남도 목포시 산양로 40(75-1 근화희망타운아파트),24시간 이용가능,정,전라남도 목포시 산양로 40 (대양동),126.42735274610395,34.83640867791513
용해지구천년가맘스카운티아파트,6,AC완속,전라남도 목포시 용해지구로88번길 7(1040 용해지구천년가맘스카운티),24시간 이용가능,정,전라남도 목포시 용해지구로88번길 7 (용해동),126.39213055988162,34.82062773029412
하당현대아파트,2,AC완속,전라남도 목포시 통일대로37번길 33(1014-1 하당현대아파트),24시간 이용가능,정,전라남도 목포시 통일대로37번길 33 (상동),126.42616276641303,34.80112396844524
신안비치3차아파트,2,AC완속,전라남도 목포시 고하대로 641-11(1259-3 신안비치3차아파트),24시간 이용가능,정,전라남도 목포시 고하대로 641-11 (산정동),126.36715980342866,34.80644020511501
모아엘가1차아파트,1,AC완속,전라남도 목포시 남악2로22번길 58(1329 모아엘가),24시간 이용가능,정,전라남도 목포시 남악2로22번길 58 (옥암동),126.45839024130633,34.808210275844466
옥암2차한국아델리움,1,AC완속,전라남도 목포시 옥암로 150(한국아델리움 아파트),24시간 이용가능,정,전라남도 목포시 옥암로 150 (옥암동),126.42419301709462,34.81199931297722
목포용해금호아파트,2,AC완속,전라남도 목포시 삼학로 331(143-7 금호타운),24시간 이용가능,정,전라남도 목포시 삼학로 331 (용해동),126.40740017864822,34.80021033317157
하당우미블루빌3차아파트,9,AC완속,전라남도 목포시 평화로153번길 9(1096 우미블루빌),24시간 이용가능,정,전라남도 목포시 평화로153번길 9 (옥암동),126.43616397808485,34.80048953461204
모아엘가1차아파트,17,AC완속,전라남도 목포시 남악2로22번길 58(1329 모아엘가),24시간 이용가능,정,전라남도 목포시 남악2로22번길 58 (옥암동),126.45839024130633,34.808210275844466
근화희망타운2차아파트,3,AC완속,전라남도 목포시 산양로 40(75-1 근화희망타운아파트),24시간 이용가능,정,전라남도 목포시 산양로 40 (대양동),126.42735274610395,34.83640867791513
골드클래스9차아파트,3,AC완속,전라남도 목포시 연산백련로1번길 111(2022 골드클래스9차아파트),24시간 이용가능,정,전라남도 목포시 연산백련로1번길 111 (연산동),126.39107973238062,34.820460357007256
용해지구천년가맘스카운티아파트,5,AC완속,전라남도 목포시 용해지구로88번길 7(1040 용해지구천년가맘스카운티),24시간 이용가능,정,전라남도 목포시 용해지구로88번길 7 (용해동),126.39213055988162,34.82062773029412
롯데마트맥스 목포점,3,DC콤보,전라남도 목포시 원형서로 15롯데마트맥스 목포점(1134 롯데마트목포점),10:00 ~ 23:00,정,전라남도 목포시 원형서로 15 (상동),126.42946714625488,34.79724593558004
모아엘가1차아파트,18,AC완속,전라남도 목포시 남악2로22번길 58(1329 모아엘가),24시간 이용가능,정,전라남도 목포시 남악2로22번길 58 (옥암동),126.45839024130633,34.808210275844466
목포용해금호아파트,3,AC완속,전라남도 목포시 삼학로 331(143-7 금호타운),24시간 이용가능,정,전라남도 목포시 삼학로 331 (용해동),126.40740017864822,34.80021033317157
하당현대아파트,8,AC완속,전라남도 목포시 통일대로37번길 33(1014-1 하당현대아파트),24시간 이용가능,정,전라남도 목포시 통일대로37번길 33 (상동),126.42616276641303,34.80112396844524
하당우미블루빌3차아파트,8,AC완속,전라남도 목포시 평화로153번길 9(1096 우미블루빌),24시간 이용가능,정,전라남도 목포시 평화로153번길 9 (옥암동),126.43616397808485,34.80048953461204
모아엘가1차아파트,11,AC완속,전라남도 목포시 남악2로22번길 58(1329 모아엘가),24시간 이용가능,정,전라남도 목포시 남악2로22번길 58 (옥암동),126.45839024130633,34.808210275844466
목포라인아파트 지상주차장,6,AC완속,전라남도 목포시 원산주택로 25(1751 라인아파트),24시간 이용가능,정,전라남도 목포시 원산주택로 25 (산정동),126.37518995390077,34.808623804335866
롯데마트맥스 목포점,2,DC콤보,전라남도 목포시 원형서로 15롯데마트맥스 목포점(1134 롯데마트목포점),10:00 ~ 23:00,정,전라남도 목포시 원형서로 15 (상동),126.42946714625488,34.79724593558004
모아엘가1차아파트,2,AC완속,전라남도 목포시 남악2로22번길 58(1329 모아엘가),24시간 이용가능,정,전라남도 목포시 남악2로22번길 58 (옥암동),126.45839024130633,34.808210275844466
영신그린빌1차 입주자대표회의,2,AC완속,전라남도 목포시 신흥로83번길 2영신그린빌(994 영신그린빌),24시간 이용가능,정,전라남도 목포시 신흥로83번길 2 (옥암동),126.42925065560732,34.805153904457484
모아엘가1차아파트,27,AC완속,전라남도 목포시 남악2로22번길 58(1329 모아엘가),24시간 이용가능,정,전라남도 목포시 남악2로22번길 58 (옥암동),126.45839024130633,34.808210275844466
모아엘가1차아파트,28,AC완속,전라남도 목포시 남악2로22번길 58(1329 모아엘가),24시간 이용가능,정,전라남도 목포시 남악2로22번길 58 (옥암동),126.45839024130633,34.808210275844466
신항만뉴캐슬오션시티2차아파트,2,AC완속,전라남도 목포시 허사로57번길 15(오션시티2차 아파트),24시간 이용가능,정,전라남도 목포시 허사로57번길 15 (달동),126.36137721009001,34.755935334622436
모아엘가1차아파트,3,AC완속,전라남도 목포시 남악2로22번길 58(1329 모아엘가),24시간 이용가능,정,전라남도 목포시 남악2로22번길 58 (옥암동),126.45839024130633,34.808210275844466
신항만뉴캐슬오션시티2차아파트,3,AC완속,전라남도 목포시 허사로57번길 15(오션시티2차 아파트),24시간 이용가능,정,전라남도 목포시 허사로57번길 15 (달동),126.36137721009001,34.755935334622436
옥암2차한국아델리움,3,AC완속,전라남도 목포시 옥암로 150(한국아델리움 아파트),24시간 이용가능,정,전라남도 목포시 옥암로 150 (옥암동),126.42419301709462,34.81199931297722
모아엘가1차아파트,21,AC완속,전라남도 목포시 남악2로22번길 58(1329 모아엘가),24시간 이용가능,정,전라남도 목포시 남악2로22번길 58 (옥암동),126.45839024130633,34.808210275844466
옥암2차한국아델리움,4,AC완속,전라남도 목포시 옥암로 150(한국아델리움 아파트),24시간 이용가능,정,전라남도 목포시 옥암로 150 (옥암동),126.42419301709462,34.81199931297722
용해지구천년가맘스카운티아파트,7,AC완속,전라남도 목포시 용해지구로88번길 7(1040 용해지구천년가맘스카운티),24시간 이용가능,정,전라남도 목포시 용해지구로88번길 7 (용해동),126.39213055988162,34.82062773029412
모아엘가1차아파트,12,AC완속,전라남도 목포시 남악2로22번길 58(1329 모아엘가),24시간 이용가능,정,전라남도 목포시 남악2로22번길 58 (옥암동),126.45839024130633,34.808210275844466
하당우미블루빌3차아파트,1,AC완속,전라남도 목포시 평화로153번길 9(1096 우미블루빌),24시간 이용가능,정,전라남도 목포시 평화로153번길 9 (옥암동),126.43616397808485,34.80048953461204
모아엘가1차아파트,9,AC완속,전라남도 목포시 남악2로22번길 58(1329 모아엘가),24시간 이용가능,정,전라남도 목포시 남악2로22번길 58 (옥암동),126.45839024130633,34.808210275844466
하당우미블루빌3차아파트,10,AC완속,전라남도 목포시 평화로153번길 9(1096 우미블루빌),24시간 이용가능,정,전라남도 목포시 평화로153번길 9 (옥암동),126.43616397808485,34.80048953461204
삼창골프연습장,1,AC완속,전라남도 목포시 대양로109번길 53삼창골프연습장(연산동 614-96),24시간 이용가능,정,전라남도 목포시 대양로109번길 53 (연산동),126.39513586697137,34.82565956021068
모아엘가1차아파트,13,AC완속,전라남도 목포시 남악2로22번길 58(1329 모아엘가),24시간 이용가능,정,전라남도 목포시 남악2로22번길 58 (옥암동),126.45839024130633,34.808210275844466
롯데마트맥스 목포점,4,DC콤보,전라남도 목포시 원형서로 15롯데마트맥스 목포점(1134 롯데마트목포점),10:00 ~ 23:00,정,전라남도 목포시 원형서로 15 (상동),126.42946714625488,34.79724593558004
모아엘가1차아파트,31,AC완속,전라남도 목포시 남악2로22번길 58(1329 모아엘가),24시간 이용가능,정,전라남도 목포시 남악2로22번길 58 (옥암동),126.45839024130633,34.808210275844466
롯데마트맥스 목포점,5,DC콤보,전라남도 목포시 원형서로 15롯데마트맥스 목포점(1134 롯데마트목포점),10:00 ~ 23:00,정,전라남도 목포시 원형서로 15 (상동),126.42946714625488,34.79724593558004
신항만뉴캐슬오션시티2차아파트,6,AC완속,전라남도 목포시 허사로57번길 15(오션시티2차 아파트),24시간 이용가능,정,전라남도 목포시 허사로57번길 15 (달동),126.36137721009001,34.755935334622436
모아엘가1차아파트,22,AC완속,전라남도 목포시 남악2로22번길 58(1329 모아엘가),24시간 이용가능,정,전라남도 목포시 남악2로22번길 58 (옥암동),126.45839024130633,34.808210275844466
모아엘가1차아파트,19,AC완속,전라남도 목포시 남악2로22번길 58(1329 모아엘가),24시간 이용가능,정,전라남도 목포시 남악2로22번길 58 (옥암동),126.45839024130633,34.808210275844466
용해지구천년가맘스카운티아파트,1,AC완속,전라남도 목포시 용해지구로88번길 7(1040 용해지구천년가맘스카운티),24시간 이용가능,정,전라남도 목포시 용해지구로88번길 7 (용해동),126.39213055988162,34.82062773029412
모아엘가1차아파트,23,AC완속,전라남도 목포시 남악2로22번길 58(1329 모아엘가),24시간 이용가능,정,전라남도 목포시 남악2로22번길 58 (옥암동),126.45839024130633,34.808210275844466
하당우미블루빌3차아파트,4,AC완속,전라남도 목포시 평화로153번길 9(1096 우미블루빌),24시간 이용가능,정,전라남도 목포시 평화로153번길 9 (옥암동),126.43616397808485,34.80048953461204
모아엘가1차아파트,32,AC완속,전라남도 목포시 남악2로22번길 58(1329 모아엘가),24시간 이용가능,정,전라남도 목포시 남악2로22번길 58 (옥암동),126.45839024130633,34.808210275844466
목포 궁무인호텔,2,AC완속,전라남도 목포시 신항로276번길 42목포 궁무인호텔(달동 1330-47),24시간 이용가능,정,전라남도 목포시 신항로276번길 42 (달동),126.35718265440015,34.75618909538071
신항만뉴캐슬오션시티2차아파트,7,AC완속,전라남도 목포시 허사로57번길 15(오션시티2차 아파트),24시간 이용가능,정,전라남도 목포시 허사로57번길 15 (달동),126.36137721009001,34.755935334622436
모아엘가1차아파트,29,AC완속,전라남도 목포시 남악2로22번길 58(1329 모아엘가),24시간 이용가능,정,전라남도 목포시 남악2로22번길 58 (옥암동),126.45839024130633,34.808210275844466
롯데마트맥스 목포점,8,DC콤보,전라남도 목포시 원형서로 15롯데마트맥스 목포점(1134 롯데마트목포점),10:00 ~ 23:00,정,전라남도 목포시 원형서로 15 (상동),126.42946714625488,34.79724593558004
모아엘가1차아파트,33,AC완속,전라남도 목포시 남악2로22번길 58(1329 모아엘가),24시간 이용가능,정,전라남도 목포시 남악2로22번길 58 (옥암동),126.45839024130633,34.808210275844466
신항만뉴캐슬오션시티2차아파트,4,AC완속,전라남도 목포시 허사로57번길 15(오션시티2차 아파트),24시간 이용가능,정,전라남도 목포시 허사로57번길 15 (달동),126.36137721009001,34.755935334622436
용해지구천년가맘스카운티아파트,2,AC완속,전라남도 목포시 용해지구로88번길 7(1040 용해지구천년가맘스카운티),24시간 이용가능,정,전라남도 목포시 용해지구로88번길 7 (용해동),126.39213055988162,34.82062773029412
신항만뉴캐슬오션시티2차아파트,8,AC완속,전라남도 목포시 허사로57번길 15(오션시티2차 아파트),24시간 이용가능,정,전라남도 목포시 허사로57번길 15 (달동),126.36137721009001,34.755935334622436
옥암2차한국아델리움,5,AC완속,전라남도 목포시 옥암로 150(한국아델리움 아파트),24시간 이용가능,정,전라남도 목포시 옥암로 150 (옥암동),126.42419301709462,34.81199931297722
하당우미블루빌3차아파트,5,AC완속,전라남도 목포시 평화로153번길 9(1096 우미블루빌),24시간 이용가능,정,전라남도 목포시 평화로153번길 9 (옥암동),126.43616397808485,34.80048953461204
하당우미블루빌3차아파트,2,AC완속,전라남도 목포시 평화로153번길 9(1096 우미블루빌),24시간 이용가능,정,전라남도 목포시 평화로153번길 9 (옥암동),126.43616397808485,34.80048953461204
목포 에이치에비뉴호텔 평화광장점,1,AC완속,전라남도 목포시 비파로116번길 6(상동 859),24시간 이용가능,정,전라남도 목포시 비파로116번길 6 (상동),126.42378555377857,34.80827342381087
용해지구천년가맘스카운티아파트,3,AC완속,전라남도 목포시 용해지구로88번길 7(1040 용해지구천년가맘스카운티),24시간 이용가능,정,전라남도 목포시 용해지구로88번길 7 (용해동),126.39213055988162,34.82062773029412
하당우미블루빌3차아파트,6,AC완속,전라남도 목포시 평화로153번길 9(1096 우미블루빌),24시간 이용가능,정,전라남도 목포시 평화로153번길 9 (옥암동),126.43616397808485,34.80048953461204
롯데마트맥스 목포점,9,DC콤보,전라남도 목포시 원형서로 15롯데마트맥스 목포점(1134 롯데마트목포점),10:00 ~ 23:00,정,전라남도 목포시 원형서로 15 (상동),126.42946714625488,34.79724593558004
워시존,1,AC완속,전라남도 목포시 대양로 97워시존(연산동 580-12),24시간 이용가능,정,전라남도 목포시 대양로 97 (연산동),126.38961783632058,34.82143800385391
목포 호텔몬다비,1,AC완속,전라남도 목포시 수강로4번길 33(축복동2가 4-5),24시간 이용가능,정,전라남도 목포시 수강로4번길 33 (축복동2가),126.38819998979785,34.78776138263806
롯데마트맥스 목포점,6,DC콤보,전라남도 목포시 원형서로 15롯데마트맥스 목포점(1134 롯데마트목포점),10:00 ~ 23:00,정,전라남도 목포시 원형서로 15 (상동),126.42946714625488,34.79724593558004
롯데칠성음료 목포영업소,1,AC완속,전라남도 목포시 석현로 29롯데칠성음료 목포영업소(롯데칠성음료(주) 목포지점),24시간 이용가능,정,전라남도 목포시 석현로 29 (석현동),126.42392926183123,34.817233244801095